id,title,genre
1,Sự cố VNDirect: Hacker tấn công lỗ hổng 'zero day',kinh-te
2,Thủ tướng quy định trường hợp EVN được điều chỉnh giá bán lẻ điện bình quân,kinh-te
3,Tập đoàn logistic thứ ba thế giới mong Thái Bình là 'mắt xích vận tải toàn cầu',kinh-te
4,Các thương hiệu nổi tiếng trong hệ thống Tập đoàn GELEX,kinh-te
5,Giá vàng hôm nay 26.3.2024: Quay lại mức giá 80 triệu đồng/lượng,kinh-te
6,"Giá USD hôm nay 26.3.2024: Ngân hàng giảm, thị trường tự do tăng lên 25.600 đồng",kinh-te
7,Tuổi trẻ EPS ra quân hưởng ứng ngày chủ nhật xanh,kinh-te
8,Thuế thu nhập cá nhân đã quá lạc hậu: Người làm công ăn lương đóng thuế cao hơn kinh doanh,kinh-te
9,Ủy ban Chứng khoán cảnh báo ngay trong đêm về sự cố của VNDirect,kinh-te
10,Quảng Ninh sẽ công bố vùng 'biển sạch' để thu hút doanh nghiệp đầu tư nuôi biển,kinh-te
11,"Sự cố VNDirect: Hacker quốc tế tấn công hạ tầng ảo hóa, chưa thiệt hại",kinh-te
12,Chứng khoán VNDirect bị tấn công: Có thể mất cả tháng để khắc phục?,kinh-te
13,Yêu cầu ngân hàng công khai cách tính lãi thẻ tín dụng,kinh-te
14,VCCI đề xuất tăng chi phí hỗ trợ cho nghiên cứu phát triển,kinh-te
15,Quỹ bình ổn giá xăng dầu còn gần 6.655 tỉ đồng,kinh-te
16,"9 ngày, thêm hơn 4.000 cửa hàng xăng dầu xuất hóa đơn điện tử từng lần",kinh-te
17,Chính phủ giục chọn nhà đầu tư dự án thành phần 4 sân bay Long Thành,kinh-te
18,"Giá vàng miếng SJC mất mốc 80 triệu đồng/lượng, người mua lỗ nặng",kinh-te
19,Lên kịch bản đối phó nguy cơ mất cân đối cung - cầu điện ở miền Bắc,kinh-te
20,Đến lượt HOSE ngắt kết nối với VNDIRECT,kinh-te
21,Thẻ tín dụng VieON - Cake chính thức ra mắt với nhiều ưu đãi hấp dẫn,kinh-te
22,"Gửi ở đâu 10 triệu, lợi 1 tỉ đồng?",kinh-te
23,"Lãi vay giảm sâu, ngân hàng nào không theo là mất khách",kinh-te
24,Hòa Phát cán mốc 9 triệu tấn thép cuộn cán nóng HRC,kinh-te
25,"VNDIRECT chưa thể kết nối lại, thêm 2 công ty liên quan cũng bị tấn công mạng",kinh-te
26,Khởi công cảng Mỹ Thủy hơn 14.000 tỉ đồng,kinh-te
27,Hơn 2.000 tỉ đồng cải tạo đường sắt khu vực đèo ở Quảng Bình,kinh-te
28,"Đồng Nai kiểm tra đồng loạt 42 doanh nghiệp, cửa hàng xăng dầu",kinh-te
29,Công an vào cuộc vụ hệ thống chứng khoán VNDirect bị tấn công,kinh-te
30,"Thế giới bán 150 USD/tấn carbon, Việt Nam bán quá thấp chỉ 5 USD?",kinh-te
31,"Ecopark ra mắt trung tâm giáo dục, giải trí, sáng tạo lớn bậc nhất Nghệ An",kinh-te
32,Bất ngờ Công ty chứng khoán VNDIRECT bị đánh sập hệ thống,kinh-te
33,Giá vàng hôm nay 25.3.2024: Vàng miếng SJC cao hơn thế giới 15 triệu đồng/lượng,kinh-te
34,Giá USD hôm nay 25.3.2024: Thị trường tự do lên sát 26.000 đồng,kinh-te
35,Hôm nay Nam bộ nắng nóng bao nhiêu độ?,kinh-te
36,Loạt dự án nhà phố ‘hâm nóng’ thị trường Bình Dương,kinh-te
37,"Giá sầu riêng tăng mạnh, cảnh báo kiểm soát chất lượng",kinh-te
38,"Lừa đảo bủa vây, nhiều người sập bẫy",kinh-te
39,Thuế thu nhập cá nhân đã quá lạc hậu,kinh-te
40,Chính phủ chỉ đạo điều chỉnh mức giảm trừ gia cảnh tính thuế thu nhập cá nhân,kinh-te
41,"Khan hiếm máy bay, Bộ GTVT yêu cầu không tăng giá vé trái quy định",kinh-te
42,"Vũng Tàu thêm hai khu căn hộ, khách sạn 5 sao",kinh-te
43,"Cổ phiếu khởi sắc, hàng loạt công ty chứng khoán đưa mục tiêu lợi nhuận ngàn tỉ",kinh-te
44,Giai đoạn nắng nóng đỉnh điểm ở Nam bộ kéo dài 3 tuần,kinh-te
45,Thủ tướng Phạm Minh Chính: Tiền Giang cần phát triển công nghiệp chế biến,kinh-te
46,Chủ tịch Quốc hội: Đắk Nông có tiềm năng trở thành trung tâm bô xít - nhôm,kinh-te
47,"Phát triển kinh tế nhưng Đắk Nông phải giữ rừng, giữ lá phổi cho cả nước",kinh-te
48,Giá USD hôm nay 24.3.2024: Tăng suốt tuần trong khi euro và yen Nhật đi xuống,kinh-te
49,Giá vàng hôm nay 24.3.2024: Sau 3 ngày người mua đã lỗ 4 triệu đồng,kinh-te
50,"Việt Nam đang thay đổi ""gu"" cà phê thế giới",kinh-te
51,"Mùa khô nắng nóng kéo dài, tiền điện tăng cao",kinh-te
52,"Vượt thu hoạt động xuất nhập khẩu, Hải Phòng được Thủ tướng thưởng 926,6 tỉ đồng ",kinh-te
53,"Phát triển kinh tế nhưng Đắk Nông phải giữ rừng, giữ lá phổi cho cả nước",kinh-te
54,Chủ tịch UBND tỉnh Đắk Nông có số phiếu tín nhiệm cao nhiều nhất,kinh-te
55,Ngân hàng nào sắp chia cổ tức cho nhà đầu tư?,kinh-te
56,'Thích ứng với biến đổi khí hậu là vấn đề sống còn',kinh-te
57,Để tiết kiệm điện thành thói quen,kinh-te
58,Quảng Trị đề nghị tăng thời gian hoạt động tại cửa khẩu La Lay,kinh-te
59,"Cửa khẩu Lao Bảo, La Lay thông thoáng, hàng hóa tăng vọt",kinh-te
60,Tổng cục Thuế cảnh báo 5 thủ đoạn lừa đảo,kinh-te
61,"Giá vàng hôm nay 23.3.2024: Vàng miếng SJC giảm sốc 2,3 triệu đồng sau 2 ngày",kinh-te
62,Giá USD hôm nay 23.3.2024: Đô tự do đứng ở mức cao,kinh-te
63,Giá nhà cho thuê tăng nhiệt,kinh-te
64,Đề xuất biểu giá bán lẻ điện mới: Ai sẽ phải trả tiền điện cao hơn?,kinh-te
65,TP.HCM lên kế hoạch tăng cường quản lý thú cưng,kinh-te
66,Mưu sinh trong nắng nóng gay gắt tại TP.HCM,kinh-te
67,"Bàn cách khai thác thế mạnh đường biển, đường thủy nội địa",kinh-te
68,Tỷ giá 'nóng hầm hập',kinh-te
69,Nghệ An đứng đầu về diện tích rừng toàn quốc,kinh-te
70,Phát động chiến dịch Giờ trái đất năm 2024,kinh-te
71,"Hà Nội lại ô nhiễm không khí nhất thế giới, HV Nông nghiệp dẫn đầu chỉ số",kinh-te
72,BIDV đang tiên phong xây dựng hệ sinh thái Xanh như thế nào?,kinh-te
73,Doanh nghiệp vi phạm công bố thông tin không được tham gia chọn Báo cáo thường niên,kinh-te
74,Vì sao có thế mạnh 'trời cho' mà vận tải thủy vẫn lẹt đẹt xếp chót?,kinh-te
75,Masteri West Heights đạt Top 5 dự án đô thị và nhà ở chất lượng nhất,kinh-te
76,169 nhà thầu bị 'cấm cửa' vì đào đường nhếch nhác còn chây ỳ đóng phạt,kinh-te
77,Hơn 2.000 tỉ đồng cải tạo đường sắt khu vực đèo ở Quảng Bình,kinh-te
78,Mong sớm có đường sắt cao tốc Bắc - Nam,kinh-te
79,Vay vốn siêu ưu đãi với lãi suất chỉ từ 3% tại Sacombank,kinh-te
80,Giá USD hôm nay 22.3.2024: Ngân hàng tăng lên 25.000 đồng,kinh-te
81,"Giá vàng hôm nay 22.3.2024: 'Bốc hơi' 1,2 triệu đồng trong ngỡ ngàng",kinh-te
82,Tiết kiệm điện mùa nắng nóng: Cần sự chung tay của khách hàng,kinh-te
83,"Tổng hòa các chiến lược, PNJ đạt lợi nhuận 550 tỉ đồng sau 2 tháng đầu năm",kinh-te
84,Thị trường vàng nổi sóng trước giờ G,kinh-te
85,'Cơn bão thép' Trung Quốc đe dọa thép nội,kinh-te
86,Đề xuất biểu giá bán lẻ điện mới,kinh-te
87,"Dùng 700 số điện trở lên, sẽ áp giá cao nhất 3.600 đồng/kWh",kinh-te
88,"Hãng bay nợ ACV hàng nghìn tỉ nhưng chậm trả, Cục Hàng không ra khuyến cáo",kinh-te
89,70.555 chủ rừng hưởng lợi từ bán tín chỉ carbon,kinh-te
90,"'Thị trường bất động sản khó ở khâu cấp phép, không ai dám ký'",kinh-te
91,"Ngành thuế, công thương nhiều nơi 'thúc' cửa hàng xăng dầu xuất hóa đơn điện tử",kinh-te
92, Phát triển nông nghiệp thuận thiên ở ĐBSCL,kinh-te
93,SCIC đấu giá trọn lô cổ phần Savina với giá trị khởi điểm hơn 106 tỉ,kinh-te
94,Khánh Hòa - Indonesia tìm cơ hội hợp tác phát triển trên nhiều lĩnh vực,kinh-te
95,"Gần 34.000 tỉ đồng giao dịch chứng khoán, cổ phiếu bất động sản nổi sóng",kinh-te
96,Giá xăng dầu đồng loạt tăng từ 15 giờ chiều nay 21.3,kinh-te
97,"VinHMS, công ty con của VinGroup mở rộng hoạt động sang Campuchia",kinh-te
98,Giá vàng miếng SJC 'bay' gần 1 triệu đồng/lượng,kinh-te
99,"Yêu cầu Pacific Airlines trả slot, hoàn tiền vé cho hành khách",kinh-te
100,"Dùng 700 số điện trở lên, sẽ áp giá cao nhất 3.600 đồng/kWh",kinh-te
101,Còn hơn 5.100 cửa hàng xăng dầu chưa xuất hóa đơn điện tử từng lần,kinh-te
102,Nhà đầu tư ngoại có thể không cần ký quỹ khi mua chứng khoán,kinh-te
103,Giá USD hôm nay 21.3.2024: Áp sát mốc 25.000 đồng,kinh-te
104,"Rà soát cá nhân đứng tên 4 SIM, được không?",kinh-te
105,5 đề xuất hợp tác nông nghiệp Việt Nam - Hà Lan,kinh-te
106,375 triệu USD thúc đẩy sản xuất lúa carbon thấp tại ĐBSCL,kinh-te
107,"Thứ trưởng Bộ NN-PTNT lý giải một số mã sầu riêng, chuối bị tạm dừng xuất khẩu",kinh-te
108,Thái Nguyên đầu tư khu công nghiệp gần 4.000 tỉ đồng,kinh-te
109,"Đóng tài khoản, thẻ tín dụng ngân hàng trả phí bao nhiêu?",kinh-te
110,Doanh nghiệp ngoại chần chừ đầu tư vì lo thiếu điện,kinh-te
111,"Ngân hàng Nhà nước hút ròng 100.000 tỉ đồng, lãi suất vẫn giảm",kinh-te
112,"Lãi suất cho vay sản xuất kinh doanh, mua nhà, ô tô… từ 5%/năm",kinh-te
113,Bộ Công thương giám sát nhiều nhà máy nhiệt điện,kinh-te
114,Gỡ khó cho tuyến giao thông huyết mạch Ninh Thuận - Lâm Đồng,kinh-te
115,Chưa tăng giá dịch vụ tại 2 cảng tàu du lịch Hạ Long,kinh-te
116,Nắng nóng gay gắt 38 độ C khi nào hạ nhiệt?,kinh-te
117,FE CREDIT nỗ lực khẳng định vị thế hàng đầu thị trường cho vay mua xe máy,kinh-te
118,Giá vàng hôm nay 19.3.2024: Vàng miếng SJC tăng sát mức 82 triệu đồng/lượng,kinh-te
119,Giá USD hôm nay 19.3.2024: Thị trường tự do tăng trở lại,kinh-te
120,TP.HCM muốn áp dụng cơ chế đặc thù như Vành đai 3 cho nhiều dự án,kinh-te
121,Chuyên gia nói gì về khả năng sinh lời của đầu tư bền vững?,kinh-te
122,Tập đoàn nội thất tùy chỉnh Suofeiya bổ nhiệm giám đốc kinh doanh mới tại Việt Nam,kinh-te
123,"Gửi tiền tại ACB, doanh nghiệp được thêm ưu đãi, trúng xe sang, vàng miếng",kinh-te
124,Đề xuất cho người dân vay ưu đãi để xây nhà trọ,kinh-te
125,Pacific Airlines trả toàn bộ đội máy bay,kinh-te
126,Có nên để Pacific Airlines phá sản?,kinh-te
127,Rủi ro thiếu nước sạch đe dọa TP.HCM: Chiến lược ứng phó khủng hoảng nước sạch,kinh-te
128,"Ma trận lãi, phí thẻ tín dụng: Nhiều người bỗng dưng mắc nợ",kinh-te
129,'Hy vọng một làn sóng đầu tư từ Mỹ đến Việt Nam và ngược lại',kinh-te
130,'Việt Nam nổi lên như một nhân tố đầy tiềm năng trong ngành bán dẫn',kinh-te
131,Lo ngại xin - cho khi thí điểm thực hiện nhà ở thương mại với đất khác,kinh-te
132,Hải Dương triển khai thủ tục đầu tư khu du lịch sinh thái gần 10.000 tỉ,kinh-te
133,Người dùng hưởng lợi gì khi nhà mạng trúng đấu giá băng tần 5G?,kinh-te
134,Thu hồi giấy phép doanh nghiệp không xuất hóa đơn bán lẻ xăng dầu từng lần,kinh-te
135,'Tồn kho' hàng chục ngàn lô đất nền ở Quảng Ngãi,kinh-te
136,"Trả toàn bộ đội máy bay, khách hàng của Pacific Airlines sẽ ra sao?",kinh-te
137,Đề nghị TP.HCM làm rõ việc lùi đích metro số 1 nhiều lần,kinh-te
138,Đề xuất cho người dân vay ưu đãi để xây nhà trọ,kinh-te
139,Bộ GTVT muốn mở rộng thí điểm cát biển thi công nền đường,kinh-te
140,Cực sốc: Một hãng hàng không Việt Nam trả toàn bộ máy bay để xóa nợ,kinh-te
141,Làm gì để xây dựng thành phố biển Nha Trang phồn vinh và hạnh phúc?,kinh-te
142,"Chính phủ hối thúc thanh, kiểm tra, giám sát chặt chẽ thị trường vàng",kinh-te
143,VN-Index bốc hơi hơn 40 điểm nhưng có hơn 30.000 tỉ đồng gom mua cổ phiếu,kinh-te
144,Kiểm tra thông tin nợ ngân hàng như thế nào?,kinh-te
145,"Nếu hết quý 2 vẫn thiếu cát, Vành đai 3 TP.HCM sẽ trượt tiến độ",kinh-te
146,"Nông dân 'vựa dưa gang' bỏ túi hàng trăm triệu nhờ trúng mùa, trúng giá",kinh-te
147,Tỉ phú Phạm Nhật Vượng thành lập công ty phát triển trạm sạc xe điện toàn cầu,kinh-te
148,"Giá USD hôm nay 18.3.2024: Đô tự do lao dốc, đầu cơ tỷ giá khóc ròng",kinh-te
149,"Giá vàng hôm nay 18.3.2024: Giảm nhẹ, người đu đỉnh lỗ nặng",kinh-te
150,Eco Central Park giành giải thưởng Khu đô thị và nhà ở chất lượng nhất năm,kinh-te
151,Heo lậu lại tràn về?,kinh-te
152,Rủi ro thiếu nước sạch đe dọa TP.HCM,kinh-te
153,"Ma trận lãi, phí thẻ tín dụng",kinh-te
154,Lãi suất tiết kiệm tiếp tục giảm,kinh-te
155,Những ách tắc khiến làm nhà ở xã hội 'khó gấp đôi',kinh-te
156,Học lái xe sẽ có thêm phần kỹ năng đi trên cao tốc phân kỳ,kinh-te
157,Chi phí tăng gấp 3 nếu cấm xe tải 3 đường cửa ngõ Tân Sơn Nhất,kinh-te
158,"Nước sông Mekong về ít, ĐBSCL sắp đón thêm đợt xâm nhập mặn mới",kinh-te
159,"Hành tím Vĩnh Châu thu hoạch rộ, nông dân mừng vì trúng mùa",kinh-te
160,Nông dân trồng đậu nành giống mới trúng mùa trúng giá,kinh-te
161,Giá USD hôm nay 17.3.2024: Tăng cao suốt tuần trong khi euro sụt giảm,kinh-te
162,Giá vàng hôm nay 17.3.2024: Người mua vàng nhẫn sau một tuần lỗ 3 triệu đồng,kinh-te
163,Hành trình ra thế giới thần tốc của xe điện Việt,kinh-te
164,Khu du lịch quốc tế Dragon Ocean Đồ Sơn nhận giải Top 10 hai năm liên tiếp,kinh-te
165,'TP.HCM người thu nhập 11 triệu đồng/tháng sao mua được nhà',kinh-te
166,Long An đẩy nhanh tối đa tiến độ dự án đường Vành đai 3 TP.HCM,kinh-te
167,Người thu nhập thấp cần chỗ ở hay cần sở hữu nhà?,kinh-te
168,Lãi suất cho vay mua nhà ở xã hội vẫn cao,kinh-te
169,Nhiều doanh nghiệp bất ngờ thay lãnh đạo trước thềm Đại hội cổ đông 2024,kinh-te
170,Quận nào sẽ bị cúp nước ngay chiều nay?,kinh-te
171,Giá USD hôm nay 16.3.2024: Thị trường tự do tiếp tục tăng cao,kinh-te
172,"Giá vàng hôm nay 16.3.2024: Bán vàng SJC rẻ hơn mua tới 2,5 triệu đồng một lượng",kinh-te
173,Tổng cục Thuế lưu ý đặc biệt về quyết toán thuế thu nhập cá nhân 2023,kinh-te
174,"Có nên cấm xe tải, xe khách trên cao tốc Cam Lộ - La Sơn?",kinh-te
175,Đỉnh nắng nóng năm nay có thể cao lịch sử,kinh-te
176,"Siết SIM rác có chặn được tin nhắn, cuộc gọi rác?",kinh-te
177,Hạn chế mua bán vàng miếng bằng tiền mặt,kinh-te
178,"Gần 80 triệu USD hỗ trợ Quảng Nam, Quảng Trị thích ứng biến đổi khí hậu",kinh-te
179,"Ngành đồ uống sụt giảm mạnh doanh thu, lợi nhuận",kinh-te
180,Ngân hàng Nhà nước hút tiền ngày thứ 5 liên tiếp nhưng USD vẫn tăng,kinh-te
181,'Từ ý tưởng đến hiện thực' về khu kinh tế xuyên biên giới Việt - Lào,kinh-te
182,Kiến nghị đầu tư 2 tuyến cao tốc nối nhau dọc Tây nguyên,kinh-te
183,VinFast tiến sang châu Phi,kinh-te
184,"‘Bạn làm việc chăm chỉ, sao để tiền thảnh thơi?’",kinh-te
185,Thông tin minh bạch để bảo vệ quyền của người tiêu dùng,kinh-te
186,Kiến nghị đầu tư 2 tuyến cao tốc nối nhau dọc Tây nguyên,kinh-te
187,Mạnh tay siết quản lý SIM 'rác',kinh-te
188,VinFast chinh phục Thái Lan - thị trường xe điện hàng đầu Đông Nam Á,kinh-te
189,Khách Tây thích thú tự tay tráng bánh phở tại Festival Phở 2024,kinh-te
190,"Đề xuất mua nhà thương mại dưới 3,5 tỉ được vay gói 120.000 tỉ đồng",kinh-te
191,'Thành phố đảo Hoàng Gia' của Vinhomes: Sở hữu bãi tắm nước biển riêng ngay sau nhà,kinh-te
192,Tổng công ty Tân Cảng Sài Gòn nhận danh hiệu Anh hùng Lao động lần 2,kinh-te
193,"Hạn chế tối đa vốn ngân sách làm siêu cảng Cần Giờ 5,5 tỉ USD",kinh-te
194,"Rà soát 'đại gia' xăng dầu, Bộ Tài chính sẽ báo cáo Thanh tra Chính phủ điều gì?",kinh-te
195,"Nợ thuế quá hạn, Công ty HUDIC bị cưỡng chế thuế hơn 270 tỉ đồng",kinh-te
196,Vì sao người dân TP.HCM lại bị 'delay' thời điểm trải nghiệm metro số 1?,kinh-te
197,Đề xuất hạn chế thanh toán mua bán vàng miếng bằng tiền mặt,kinh-te
198,"Vay tiêu dùng với lãi suất siêu thấp tại ACB, chỉ từ 0,6%/tháng",kinh-te
199,Những ngân hàng đầu tiên công bố lãi suất cho vay,kinh-te
200,Giá USD hôm nay 15.3.2024: Đô la Mỹ tự do tăng,kinh-te
201,"Giá vàng hôm nay 15.3.2024: Thế giới giảm, SJC tăng 400.000 đồng một lượng",kinh-te
202,Mua nhà gần trường để con rèn tự lập ,kinh-te
203,Vingroup nhận giải thưởng Công nghệ bền vững ASEAN 2023,kinh-te
204,"Thiếu điện, nhưng lãng phí điện",kinh-te
205,"Giải bài toán khó 'thừa tiền, khát vốn'",kinh-te
206,Nhiều lý do chủ thẻ thành con nợ,kinh-te
207,"Người dân lo ô nhiễm, chính quyền đối thoại trực tiếp",kinh-te
208,Ra mắt bộ đôi tài khoản thanh toán Techcombank và tài khoản chứng khoán TCBS,kinh-te
209,"'Năm 2023 các hãng hàng không có 223 máy bay, nay chỉ còn 173 chiếc'",kinh-te
210,"Bị ế, khoản nợ hai doanh nghiệp liên quan Tân Hoàng Minh được rao bán lần 7",kinh-te
211,Gần 2.000 công nhân làm ngày đêm kéo tiến độ nhà ga T3 Tân Sơn Nhất,kinh-te
212,4 hiệp hội kiến nghị kiểm soát nhập sản phẩm chăn nuôi,kinh-te
213,Metro số 1 lại lùi tiến độ,kinh-te
214,"Nhiều cổ phiếu tăng trần liên tục, doanh nghiệp giải trình 'không biết nguyên nhân'",kinh-te
215,"Lo miền Bắc thiếu điện, thủy điện phải giữ nước tối đa",kinh-te
216,"Tranh chấp tại tòa nhà Victory Tower, khách hàng trở thành 'con tin'",kinh-te
217,"Giá USD hôm nay 14.3.2024: Thị trường tự do giảm, ngân hàng tăng",kinh-te
218,"Giá vàng hôm nay 14.3.2024: 'Bốc hơi' 1,5 triệu đồng từ đỉnh cao",kinh-te
219,Tham vấn phương án kiến trúc công trình trên 'đất vàng' gần quảng trường Ba Đình,kinh-te
220,"Cùng Co.opmart, Co.opXtra hướng đến lối sống xanh",kinh-te
221,Vàng và USD cùng 'nhảy múa',kinh-te
222,Giải pháp nào cho tình trạng thiếu nhân viên đăng kiểm?,kinh-te
223,"Cấm tài sản ảo không khả thi, có thể quản lý Bitcoin tương tự USD?",kinh-te
224,44 dự án bất động sản tại TP.HCM được tháo gỡ khó khăn,kinh-te
225,"Dòng tiền vào ồ ạt, VN-Index bứt phá lên 1.270 điểm",kinh-te
226,Yêu cầu ngân hàng công khai lãi suất cho vay từ ngày 1.4,kinh-te
227,PVcomBank đẩy mạnh cung cấp các giải pháp tài chính trong ngành điện lực,kinh-te
228,"Vàng đột ngột giảm hơn 1 triệu đồng/lượng, những người đu đỉnh khóc ròng",kinh-te
229,"Triều cường vượt báo động 3, một số nơi ở Nam bộ tiếp tục ngập sâu",kinh-te
230,Tăng trưởng tín dụng tại TP.HCM vẫn âm,kinh-te
231,Giải mã sức bật của Techcombank năm 2024,kinh-te
232,"Đi qua đỉnh nhiệt, Nam bộ vẫn nắng nóng diện rộng",kinh-te
233,Giá USD hôm nay 13.3.2024: Đô tự do lao dốc,kinh-te
234,"Giá vàng hôm nay 13.3.2024: Thế giới giảm sâu, trong nước neo cao nhất lịch sử",kinh-te
235,Cân nhắc 'nới' quyền tăng giá điện cho EVN,kinh-te
236,"Hạn mặn bất thường, nhiều nơi thiếu nước ngọt",kinh-te
237,Thúc tiến độ những công trình chống ùn tắc khu nam TP.HCM,kinh-te
238,"Nhà đầu tư Trung Quốc sẵn sàng mua đứt doanh nghiệp Việt có đơn hàng đi Mỹ, EU",kinh-te
239,Cơ hội tăng cường quan hệ thương mại Việt - Mỹ,kinh-te
240,Bình Phước thu hút 'sếu đầu đàn' bằng nền tảng '4 tốt',kinh-te
241,Nông nghiệp vượt “cơn gió ngược”,kinh-te
242,"Bắt thêm 63 người, Trung tâm đăng kiểm tại TP.HCM có ùn tắc?",kinh-te
243,"Ngân hàng Nhà nước tiếp tục hút tiền, lãi suất tiết kiệm đi xuống",kinh-te
244,Loạt ‘ông lớn’ mòn mỏi chờ cơ chế mua bán điện tái tạo trực tiếp,kinh-te
245,Thực hư chuyện nhân viên phòng công chứng làm không có thời gian đi ăn cơm,kinh-te
246,Lấy ý kiến bỏ quy định phong tỏa vốn vay tại Thông tư 06/2023,kinh-te
247,Bí thư Nguyễn Văn Nên đội nắng thực địa 2 công trình trọng điểm phía nam,kinh-te
248,Chỉ hơn 52% cửa hàng bán lẻ xăng dầu thực hiện hóa đơn điện tử từng lần,kinh-te
249,"Kết nối với TP.HCM, cơ hội nào cho bất động sản ở vùng phụ cận?",kinh-te
250,Cận cảnh cây cầu dài nhất trên cao tốc Bắc - Nam trước ngày hợp long,kinh-te
251,Đào tạo 25 giảng viên nguồn đầu tiên về vi mạch bán dẫn cho Đà Nẵng,giao-duc
252,Sẵn sàng bước vào 'cuộc đua' nhân lực vi mạch bán dẫn,giao-duc
253,Học sinh trường quốc tế muốn chuyển trường cần lưu ý điều gì?,giao-duc
254,"Vì sao nhiều ngành thiết kế, mỹ thuật, kiến trúc trở nên 'hot’ những năm gần đây?",giao-duc
255,"Shark Thủy bị bắt, Apax Leaders có tiếp tục hoạt động và trả nợ học phí?",giao-duc
256,Toàn cảnh vụ Shark Thủy và Apax Leaders nợ học phí phụ huynh cả nước đến nay,giao-duc
257,Mạo danh cán bộ Trường ĐH Sư phạm Huế để lừa thí sinh nộp lệ phí,giao-duc
258,"Mạo danh Trung tâm Anh ngữ RES để lừa đảo, trục lợi",giao-duc
259,"Hơn 9,6 triệu học sinh mầm non được giáo dục kiến thức ATGT",giao-duc
260,Sự khác biệt giữa các trường quốc tế và chương trình đào tạo quốc tế,giao-duc
261,Xem 'Cẩm nang tuyển sinh 2024' phiên bản điện tử,giao-duc
262,"Quét mã QR, nhận sách Cẩm nang tuyển sinh 2023 điện tử miễn phí",giao-duc
263,"Tuyển sinh lớp 1 trực tuyến: Khó khăn khi đăng ký, tìm hỗ trợ ở đâu?",giao-duc
264,"Dựng cột mốc Trường Sa trong trường học, lời nhắn gửi về chủ quyền biển đảo",giao-duc
265,Khai giảng năm học mới ở huyện đảo Trường Sa,giao-duc
266,Công an triệu tập người đàn ông tát liên tiếp nữ sinh lớp 7,giao-duc
267,"Bị tai nạn đúng cao điểm ôn thi, nam sinh nói 'quyết tâm nhiều hơn'",giao-duc
268,Điều xúc động phía sau những mảnh giấy ghi câu hỏi,giao-duc
269,Tuyển sinh lớp 10: Có hợp lý khi tính điểm hệ số 2?,giao-duc
270,Cha mẹ cùng con trải nghiệm một ngày tại trường học hạnh phúc,giao-duc
271,"Thiếu giáo viên các môn học mới, Bộ GD-ĐT đề xuất 'hạ chuẩn' để có nguồn tuyển",giao-duc
272,Hai học sinh Phú Yên đoạt giải nhì cuộc thi Tiếng nói xanh,giao-duc
273,Người nhà tát liên tiếp nữ sinh lớp 7 sau khi 2 học sinh mâu thuẫn,giao-duc
274,Điều xúc động phía sau những mảnh giấy ghi câu hỏi,giao-duc
275,Asian School nỗ lực phát triển thể chất cho học sinh,giao-duc
276,Học sinh giỏi được ưu tiên ra sao trong tuyển sinh ĐH?,giao-duc
277,Thi tuyển lớp 10 tại TP.HCM: Những thay đổi cần lưu ý,giao-duc
278,"Thi đánh giá năng lực HSA: chép đề mang về, thí sinh bị đình chỉ thi",giao-duc
279,Gian hàng tại chương trình Tư vấn mùa thi níu chân học sinh,giao-duc
280,Buổi sáng mát lạnh tại ngôi trường 60 năm tuổi,giao-duc
281,Nữ sinh Đà Lạt đẹp trong trẻo giữa phố núi đầy sương,giao-duc
282,"Từ hôm nay, Úc tăng chuẩn điểm IELTS, PTE, đổi yêu cầu về hồ sơ du học",giao-duc
283,Làm sao để có được quyết định đúng đắn khi chọn ngành học?,giao-duc
284,Yếu tố nào để sinh viên tốt nghiệp có việc làm?,giao-duc
285,Một thương hiệu trên 'bản đồ cung ứng nhân lực chất lượng cao' ở Đà Nẵng,giao-duc
286,Sẵn sàng bước vào 'cuộc đua' nhân lực vi mạch bán dẫn,giao-duc
287,3 trường mầm non vùng cao Quảng Ngãi được tài trợ hệ thống máy lọc nước,giao-duc
288,Rộn ràng các gian hàng triển lãm tại chương trình Tư vấn mùa thi ở Đà Lạt,giao-duc
289,Đề minh họa văn thi tốt nghiệp THPT: Cần lưu ý gì để không bị mất điểm?,giao-duc
290,BUV tiên phong đổi mới giáo dục trong kỷ nguyên AI,giao-duc
291,Nữ sinh Đà Lạt đẹp trong trẻo giữa phố núi đầy sương,giao-duc
292,Bộ GD-ĐT lưu ý gì về kỳ thi tốt nghiệp THPT và xét tuyển ĐH?,giao-duc
293,"Thi IELTS trên máy tính nở rộ, thí sinh cần thay đổi ôn luyện thế nào?",giao-duc
294,Bộ GD-ĐT lưu ý gì về kỳ thi tốt nghiệp THPT và xét tuyển ĐH?,giao-duc
295,Bộ GD-ĐT 'chốt' thi tốt nghiệp THPT năm 2024 từ 26 - 29.6,giao-duc
296,"Có một nơi, học sinh luôn chờ chương trình Tư vấn mùa thi",giao-duc
297,Thi tốt nghiệp THPT 2024: Những điều cốt yếu thí sinh cần nhớ,giao-duc
298,Thi tốt nghiệp THPT 2024: Khi nào thí sinh được rời khỏi phòng thi?,giao-duc
299,Tư vấn mùa thi 2024:Cơ hội tốt để học sinh nắm thông tin mới nhất về thi,giao-duc
300,UBND TP.HCM đồng ý tách Trường THPT chuyên Trần Đại Nghĩa thành 2 trường,giao-duc
301,Trường ĐH Y dược Cần Thơ có cơ chế đặc biệt cho sinh viên làm khoa học,giao-duc
302,Hà Nội cấm thu tiền 'đặt cọc giữ chỗ' trong tuyển sinh đầu cấp,giao-duc
303,Bắt nghi phạm dán ảnh bêu xấu nữ sinh viên trước KTX để đòi nợ người nhà,giao-duc
304,21 học sinh ở Trà Vinh ngộ độc do hít khí từ 'bóng thối',giao-duc
305,Đề tham khảo thi tốt nghiệp THPT 2024: Xuất hiện câu hỏi thực tế,giao-duc
306,Đà Nẵng: Nhiều học sinh vùng nông thôn trả lại điện thoại cho người đánh rơi,giao-duc
307,Đà Nẵng: Sẵn sàng tổ chức Đại hội thể thao học sinh Đông Nam Á,giao-duc
308,Đà Nẵng sẵn sàng đăng cai Đại hội thể thao học sinh Đông Nam Á,giao-duc
309,Ngắm vẻ đẹp tươi xanh của ngôi trường diễn ra Tư vấn mùa thi sáng mai,giao-duc
310,Bộ GD-ĐT 'chốt' thi tốt nghiệp THPT năm 2024 từ 26 - 29.6,giao-duc
311,"Phụ huynh Trường quốc tế AISVN đề nghị tiếp quản, điều hành trường, luật sư nói gì?",giao-duc
312,Bộ GD-ĐT chính thức công nhận Hội đồng trường Trường ĐH Sư phạm kỹ thuật TP.HCM,giao-duc
313,Bộ GD-ĐT công bố đề tham khảo thi tốt nghiệp THPT năm 2024,giao-duc
314,IELTS sẽ 'hạ nhiệt' khi thêm chứng chỉ quy đổi điểm thi tốt nghiệp?,giao-duc
315,Giáo sư nhận 500 triệu đồng về trường ĐH làm việc: Không dễ đạt điều kiện,giao-duc
316,Tuyển sinh 2024: Những trường quân đội nào gửi học viên du học nước ngoài?,giao-duc
317,Bất ngờ với phim tiếng Anh của học sinh tiểu học TP.HCM,giao-duc
318,"Học sinh nói tiếng Anh, làm tên lửa",giao-duc
319,Tuyển sinh 2024: 17 trường quân đội tuyển hơn 5.200 chỉ tiêu đại học,giao-duc
320,Vụ việc Trường quốc tế AISVN: 'Trường chưa có sự hợp tác',giao-duc
321,Thanh tra công tác xã hội hóa biên soạn sách giáo khoa,giao-duc
322,"Chính phủ yêu cầu sửa đổi chế độ lương, phụ cấp của nhà giáo",giao-duc
323,Thầy hiệu trưởng bị 'tố' đánh học sinh chảy máu đầu: Thực hư thế nào?,giao-duc
324,Vụ tố đánh học sinh gãy ngón tay: Hiệu trưởng báo cáo gì?,giao-duc
325,"Trường ĐH cam kết sinh viên có việc làm sau tốt nghiệp, thực hư ra sao?",giao-duc
326,Thêm nhiều trường đại học sử dụng kết quả kỳ thi V-SAT để tuyển sinh,giao-duc
327,Hải Dương thành lập trường liên cấp tư thục đầu tiên với 3 bậc học,giao-duc
328,Trang phục sinh viên thế nào là phù hợp?,giao-duc
329,Nhiều ứng dụng AI trong giáo dục được giới thiệu tại triển lãm METAEDU,giao-duc
330,"4 tỉnh miền Trung top 10 địa phương học sinh vào ĐH cao nhất, vì sao?",giao-duc
331,Nam sinh lớp 11 đạt 9.0 IELTS: 'Em rất bất ngờ',giao-duc
332,Vụ Trường quốc tế AISVN: Sở GD-ĐT TP.HCM yêu cầu  thực hiện khẩn cấp các giải pháp,giao-duc
333,Một cách hướng nghiệp mới: Cho học sinh tập làm giáo viên,giao-duc
334,"Giáo viên bị chậm tiền trợ cấp, trường nói Sở Tài chính chậm, sở nói do trường",giao-duc
335,Nghệ An bỏ phương thức xét tuyển vào lớp 10 theo chứng chỉ ngoại ngữ,giao-duc
336,Tuyển sinh lớp 10 tại TP.HCM: Có cộng điểm chứng chỉ ngoại ngữ quốc tế?,giao-duc
337,"Hướng ngoại và thích đi đây đó, học ngành công nghệ có bị 'tước' đam mê?",giao-duc
338,Chưa địa phương nào thi quá 3 môn vào lớp 10,giao-duc
339,"Học sinh nhiều nơi không 'sợ' nhà vệ sinh trường học, vì sao?",giao-duc
340,Giúp học sinh không 'né' nhà vệ sinh trường học,giao-duc
341,"Vô số cách luyện thi IELTS trên mạng, làm sao tìm được phương pháp phù hợp?",giao-duc
342,"Sợ học ngành công nghệ 'hot' dễ bị đào thải, thí sinh đi tìm câu trả lời",giao-duc
343,Giúp học sinh không 'né' nhà vệ sinh trường học,giao-duc
344,Giải quyết 'nghịch lý' trong cung - cầu nhóm ngành công nghệ,giao-duc
345,'Tuýt còi’ trường THPT thu tiền hỗ trợ thi tốt nghiệp không đúng quy định,giao-duc
346,"Đồng Tháp: Lùm xùm chuyện nhóm học sinh lớp 4 đánh, xin tiền, tụt quần bạn",giao-duc
347,Hyundai sẽ nhận sinh viên ĐH Quốc gia Hà Nội thực tập tại Hàn Quốc,giao-duc
348,TP.HCM: Phụ huynh một số trường đề xuất tăng tiền ăn bán trú lên 40.000 đồng/ngày,giao-duc
349,"Cảnh sát đến trường dạy học sinh dập lửa, thoát nạn trong hỏa hoạn",giao-duc
350,Đà Nẵng: Giúp học sinh tăng cường kỹ năng  PCCC và cứu hộ,giao-duc
351,"Hà Nội yêu cầu chấm dứt cảnh xếp hàng, chen lấn trong tuyển sinh đầu cấp",giao-duc
352,"Nhiều người học ngành công nghệ 'hot', làm sao để cạnh tranh?",giao-duc
353,"Ngành máy tính và CNTT có tỷ lệ trúng tuyển cao, vì sao?",giao-duc
354,Học sinh Trường quốc tế AISVN phải ở căn tin tự học vì không có giáo viên,giao-duc
355,Phân bổ hơn 830 tấn gạo hỗ trợ học sinh tại Kon Tum,giao-duc
356,Đề xuất tách khối THCS ra khỏi Trường THPT chuyên Trần Đại Nghĩa,giao-duc
357,Sở GD-ĐT TP.HCM đề xuất tách Trường THPT chuyên Trần Đại Nghĩa thành 2 trường,giao-duc
358,"Đề thi tốt nghiệp THPT từ năm 2025: Phân hóa hơn 
không phải sẽ khó hơn",giao-duc
359,TP.HCM cấm vận động và thu những khoản ngoài quy định khi tuyển sinh,giao-duc
360,Hàng ngàn học sinh một trường quốc tế nghỉ học vì giáo viên không đến trường,giao-duc
361,Phụ huynh đòi nợ Trường Quốc tế Mỹ Việt Nam hàng chục tỉ đồng,giao-duc
362,Bộ GD-ĐT bàn thí điểm học bạ điện tử ở cấp tiểu học,giao-duc
363,Sở GD-ĐT TP.HCM đề xuất tách Trường THPT chuyên Trần Đại Nghĩa thành 2 trường,giao-duc
364,Đức 'rộng cửa' đón du học sinh với cơ hội nhận lương tối thiểu 80 triệu đồng/tháng,giao-duc
365,Cuộc thi ‘Vẽ tranh cùng AI’ - Thử thách cùng AI tạo sinh,giao-duc
366,Buổi trải nghiệm ngành nghề đầy sôi động,giao-duc
367,"Đủ điểm trúng tuyển nhiều ngành, có được chọn một ngành?",giao-duc
368,'Chống sốc' cho học sinh với cách ra đề thi mới,giao-duc
369,Gian hàng tư vấn mùa thi Nha Trang thu hút hàng ngàn học sinh,giao-duc
370,Vì sao IELTS không cần thiết đến khi người học 18 tuổi?,giao-duc
371,"Rộn ràng, háo hức tại ngày hội Tư vấn mùa thi ở Nha Trang",giao-duc
372,"Tuyển sinh chương trình ngoại ngữ ở lớp 1, 6, 10 tại TP.HCM trong năm học mới",giao-duc
373,"Chọn trường, ngành học cần tham khảo những yếu tố nào?",giao-duc
374,Tư vấn mùa thi ở một trong những ngôi trường có cảnh quan đẹp nhất Việt Nam,giao-duc
375,Bộ GD-ĐT nói gì về xu hướng nhiều học sinh chọn khoa học xã hội?,giao-duc
376,Nguyên tắc đầu tiên là công bằng,giao-duc
377,Giải đáp băn khoăn về học phí,giao-duc
378,Học sinh chương trình tiếng Anh tích hợp nhận chứng chỉ Pearson Edexcel với kết quả cao,giao-duc
379,Chọn được ngành học sau khi tham quan gian hàng Tư vấn mùa thi tại Bình Định,giao-duc
380,Giải đáp những băn khoăn mới nhất về tuyển sinh đại học năm 2024,giao-duc
381,Tự hào vì nhận được quà từ chương trình Tư vấn mùa thi của Báo Thanh Niên,giao-duc
382,Giải đáp những băn khoăn mới nhất về tuyển sinh đại học năm 2024,giao-duc
383,Tư vấn mùa thi ở một trong những ngôi trường có cảnh quan đẹp nhất Việt Nam,giao-duc
384,Học lớp 11 đạt từ 6.5 điểm IELTS được công nhận học sinh giỏi cấp tỉnh,giao-duc
385,Thuê 20 xe ô tô chở học sinh về Nha Trang nghe Tư vấn mùa thi,giao-duc
386,Trường chuyên là gì? Đâu là trường chuyên lâu đời nhất Việt Nam?,giao-duc
387,"Khai giảng ở trường chuyên có ngàn giải thưởng quốc gia, quốc tế",giao-duc
388,Thí sinh bắt đầu đăng ký nguyện vọng trên hệ thống của Bộ GD-ĐT từ ngày 10.7,giao-duc
389,"Thi tốt nghiệp THPT từ năm 2025: Cách tính điểm mới, 
dạy và học cũng khác",giao-duc
390,Trường ĐH đầu tiên phía nam đào tạo thạc sĩ ngành quan hệ công chúng,giao-duc
391,"Bất hợp lý danh hiệu 'cử nhân, kỹ sư thực hành'",giao-duc
392,'Chơi với toán' trong Ngày Toán học quốc tế,giao-duc
393,Chứng chỉ tiếng Anh duy nhất của Việt Nam được xét miễn thi ngoại ngữ,giao-duc
394,Xây dựng ngôi trường hy vọng cho học sinh khó khăn tại Bình Phước,giao-duc
395,Xây trường nội trú từ cấp xã cho học sinh vùng dân tộc,giao-duc
396,Vụ 'nghi bạo hành trẻ em' ở Bình Định: Đình chỉ công tác 2 cô giữ trẻ,giao-duc
397,Bình Định: Xử lý vụ cô giáo dùng bút chì chọt vào chân trẻ mầm non,giao-duc
398,Các ngành ĐH đào tạo về hàng không thu học phí mức nào?,giao-duc
399,Hướng ra đề của các kỳ thi đánh giá năng lực,giao-duc
400,"Học thêm đến 6, 7 giáo viên để thi lớp 10",giao-duc
401,Dạy tiếng Anh miễn phí cho sinh viên khối ngành kỹ thuật,giao-duc
402,Tặng học bổng toàn phần cho con gái cựu binh Gạc Ma Dương Văn Dũng,giao-duc
403,Lễ tưởng niệm Gạc Ma tại ngôi trường nằm trên đỉnh Trường Sơn,giao-duc
404,Hà Nội dự kiến thu mỗi học sinh 235.000 đồng tiền dịch vụ bán trú 1 tháng,giao-duc
405,44 trường tiểu học ở TP.HCM sắp thí điểm giáo dục kỹ năng công dân số,giao-duc
406,"Tin học quốc tế là môn gì, mức thu như thế nào?",giao-duc
407,"Có gì đặc biệt ở 2 trường ĐH tại Úc, New Zealand mà Thủ tướng ghé thăm?",giao-duc
408,"Bộ GD-ĐT 'tuýt còi', địa phương dừng tuyển thẳng lớp 10 bằng IELTS",giao-duc
409,Lớp 6 Trường THPT chuyên Trần Đại Nghĩa tuyển sinh thế nào là hợp lý?,giao-duc
410,Cùng trải nghiệm trong Ngày Toán học quốc tế 'Playing With Math',giao-duc
411,Nên làm hướng dẫn viên thu nhập 60 USD/ngày hay đầu bếp lương 15-40 triệu đồng/tháng?,giao-duc
412,"Nợ học phí 93 tỉ đồng, Anh ngữ Apax Leaders trả phụ huynh TP.HCM ra sao?",giao-duc
413,Chỉ 10% nhân lực ngành du lịch có trình độ đại học,giao-duc
414,Thứ trưởng Bộ GD-ĐT: Khuyến khích tuyển sinh đại học bằng điểm thi tốt nghiệp THPT,giao-duc
415,Thêm một bang tại Úc dừng nhận học sinh 4 tỉnh ở Việt Nam,giao-duc
416,Hơn 2.000 người dự Hội nghị và triển lãm Thành phố thông minh 2024 tại Đài Loan,giao-duc
417,Công an TP.HCM tăng cường phòng chống ma túy trong trường học,giao-duc
418,UBND TP.HCM kiến nghị Bộ GD-ĐT về tuyển sinh lớp 6 Trường THPT chuyên Trần Đại Nghĩa,giao-duc
419,Những ngành học du lịch-dịch vụ lần đầu tuyển sinh trong năm 2024,giao-duc
420,Bài thơ 'Đàn ghi ta của Lorca' tròn 45 tuổi,giao-duc
421,Trường ĐH Tôn Đức Thắng xét tuyển sớm từ đầu tháng 4,giao-duc
422,Thi tốt nghiệp THPT 2024: Khi nào thí sinh được rời khỏi phòng thi?,giao-duc
423,Đề thi tốt nghiệp THPT năm 2025: Giảm xác suất có  điểm do ‘chọn bừa’ đáp án,giao-duc
424,TP.HCM đề xuất phương án tuyển sinh lớp 6 Trường THPT chuyên Trần Đại Nghĩa,giao-duc
425,Học sinh lớp 11 'thi thử' tốt nghiệp THPT theo cách ra đề mới,giao-duc
426,ĐH Quốc gia TP.HCM nói gì về cấu trúc đề thi đánh giá năng lực 2024?,giao-duc
427,Tư vấn mùa thi ở ngôi trường 106 tuổi tại TP.HCM,giao-duc
428,Đề thi tốt nghiệp vận dụng thực tiễn: Học sinh ôn tập ra sao?,giao-duc
429,Mẹ làm công nhân mong con thi đậu bác sĩ đa khoa,giao-duc
430,Tư vấn mùa thi ở ngôi trường 106 tuổi tại TP.HCM,giao-duc
431,Hóa giải nỗi lo bị robot 'cướp' mất việc,giao-duc
432,"Nếu 'vỡ mộng' với ngành học đã chọn, phải làm sao?",giao-duc
433,Hà Minh 'Vietnam Idol 2023' lần đầu nói về khó khăn khi theo con đường ca hát,giao-duc
434,"Hà Minh á quân Vietnam Idol 2023 sẽ hát cùng học sinh tại Tiền Giang, TP.HCM",giao-duc
435,Học sinh cần lưu ý gì về kỳ thi tốt nghiệp THPT và xét tuyển ĐH?,giao-duc
436,"Tư vấn mùa thi: Mang thông tin chính thống, tin cậy đến với học sinh Tiền Giang",giao-duc
437,Ngành nào sinh viên Việt Nam học nhiều nhất tại Nhật Bản?,giao-duc
438,Học bổng tiến sĩ toàn phần tại Nhật Bản năm 2024,giao-duc
439,Học bổng của Chính phủ Ba Lan có yêu cầu gì ở ứng viên?,giao-duc
440,"Đừng nhầm lẫn hoạt động trải nghiệm với tham quan, du lịch",giao-duc
441,Trường Quốc tế Canada triển khai Quỹ học bổng tài năng 30 tỉ cho năm học mới,giao-duc
442,"'Nếu nữ sinh được chọn con đường các em yêu thích, cả xã hội sẽ được lợi'",giao-duc
443,SV Thiết kế đồ họa ĐH Duy Tân giành 8 giải thưởng tại The International Design Awards,giao-duc
444,"Hà Minh á quân Vietnam Idol 2023 sẽ hát cùng học sinh tại Tiền Giang, TP.HCM",giao-duc
445,Phạm Lịch và Lâm Phúc Vietnam Idol 2023 hát tại Tư vấn mùa thi 2024,giao-duc
446,Học sinh lớp 4 sở hữu 12 huy chương quốc tế,giao-duc
447,Để không quá tải khi ôn thi tốt nghiệp THPT và đánh giá năng lực,giao-duc
448,Thi tốt nghiệp THPT 2024: Những lưu ý để không phạm quy,giao-duc
449,Thông tin mới nhất về cấu trúc đề thi tốt nghiệp THPT từ năm 2025,giao-duc
450,Một trường ĐH công lập trả 500 triệu đồng mời giáo sư về làm việc,giao-duc
451,Vì sao TP.HCM thay đổi điều kiện xét giải thưởng trong kỳ thi học sinh giỏi?,giao-duc
452,'Chốt' sửa quy chế thi tốt nghiệp THPT 2024,giao-duc
453,"'Bí kíp' cần thiết cho mùa tuyển sinh ĐH 2024 'phủ sóng' nhà sách, sàn điện tử",giao-duc
454,"Sáng 8.3, mẹ đưa con đến cổng trường thì nhận điều bất ngờ",giao-duc
455,"3 mẹ con cùng đi học IELTS, con lớp 12 được 8.0",giao-duc
456,"Cuối tuần này, phụ huynh, học sinh tỉnh Tiền Giang cùng nghe tư vấn mùa thi",giao-duc
457,Giáo viên lay lắt chờ biên chế,giao-duc
458,Vào lớp 6 trường THPT chuyên: Đầu tư hàng chục triệu đồng để luyện thi,giao-duc
459,Bình Định: Xử lý vụ cô giáo dùng bút chì chọt vào chân trẻ mầm non,giao-duc
460,"Giải chạy với số học sinh, sinh viên tham gia lớn nhất châu Á có gì mới?",giao-duc
461,Ngành quản trị doanh nghiệp cấp bằng kỹ sư hay cử nhân?,giao-duc
462,Đà Nẵng: Tặng máy hỗ trợ kỹ năng hồi sinh tim phổi cho học sinh THPT,giao-duc
463,Cán bộ ĐH Duy Tân tập huấn chế tạo máy bay không người lái tại Hàn Quốc,giao-duc
464,Dừng tuyển lớp 6 trường THPT chuyên: 'Khó như trả lại vỉa hè cho người đi bộ'?,giao-duc
465,"3 mẹ con cùng đi học IELTS, con lớp 12 được 8.0",giao-duc
466,"Sai lầm là chạy đua IELTS mà bỏ qua nền tảng từ vựng, ngữ pháp",giao-duc
467,Tuyển sinh lớp 6 Trường THPT chuyên Trần Đại Nghĩa: Bài khảo sát gồm nội dung gì?,giao-duc
468,An toàn cho trẻ tự kỷ: Cần sự hiểu biết và thương yêu,giao-duc
469,Giáo viên có nên dùng công cụ AI chấm bài học sinh?,giao-duc
470,"Hai quốc gia Đông Nam Á dừng thi IELTS trên giấy, Việt Nam sẽ ra sao?",giao-duc
471,Tuyển sinh lớp 6 trường chuyên: Quy định có từ lâu nhưng thực hiện lại bị động,giao-duc
472,Dừng tuyển sinh lớp 6 trường THPT chuyên có gây sốc?,giao-duc
473,Facebook ngừng kết nối: Sẽ ra sao khi mạng xã hội rời bỏ chúng ta?,giao-duc
474,Thi tốt nghiệp THPT 2024: Đăng ký ra sao? Thi bao nhiêu môn?,giao-duc
475,Chúng ta có đang quá lệ thuộc vào Facebook?,giao-duc
476,Học sinh TP.HCM nói gì về 'nên cấm dùng điện thoại di động trong trường'?,giao-duc
477,4 phó giám đốc sở vào Hội đồng trường Trường ĐH Y khoa Phạm Ngọc Thạch,giao-duc
478,Đăng ký thi đánh giá năng lực HSA: Cùng lúc 200.000 thiết bị tìm cách truy cập,giao-duc
479,Quỹ VINIF tổ chức sự kiện khoa học 'Gặp gỡ mùa xuân',giao-duc
480,"Giữa bác sĩ đa khoa và nha khoa, ngành nào có thu nhập cao hơn?",giao-duc
481,Những chuyên ngành phụ độc lạ của các ĐH ở Mỹ,giao-duc
482,Thi đánh giá năng lực: Thí sinh đăng ký thi đợt 1 cao nhất trước đến nay,giao-duc
483,"Khai xuân năm Rồng, VUS chào đón thêm nhiều cơ sở mới",giao-duc
484,Giáo viên nói gì về đề thi học sinh giỏi ngữ văn của TP.HCM?,giao-duc
485,Giáo viên nói gì về đề thi học sinh giỏi quốc gia môn ngữ văn?,giao-duc
486,Nguyên nhân ngành y tỷ lệ 'chọi' không cao nhưng khó vào,giao-duc
487,Sẽ hết cảnh xếp hàng trắng đêm đăng ký học cho con?,giao-duc
488,"Từ 2026, nhu cầu nhân lực kỹ thuật hàng không sẽ tăng mạnh",giao-duc
489,Năm 2024 Trường ĐH Công nghệ Giao thông vận tải tuyển sinh nhiều chuyên ngành mới,giao-duc
490,"Lớp 6 trường THPT chuyên Hà Nội - Amsterdam, Trần Đại Nghĩa tuyển sinh tiếp hay dừng?",giao-duc
491,"Chọn sách giáo khoa chương trình mới có hình thức, tốn kém?",giao-duc
492,Tổ chức ngày hội IELTS lớn nhất trong năm cho thí sinh sau 4 năm gián đoạn,giao-duc
493,Tuyển sinh 2024: Trường ĐH Văn Hiến mở ngành công nghệ điện ảnh-truyền hình,giao-duc
494,Tuyển sinh 2024: Lưu ý khi chọn học khối ngành sức khỏe,giao-duc
495,Cô gái Việt và chú vịt Bim Bim được lên sóng Warner Bros. Discovery,giao-duc
496,Gặp lại nữ sinh lên tiếng việc 'cô giáo im lặng không giảng bài suốt hơn 3 tháng',giao-duc
497,Hà Nội: 35 ứng viên thi tuyển hiệu trưởng trường THPT,giao-duc
498,"Đi tập huấn SGK mới, giáo viên gọi tác giả để 'xác minh'",giao-duc
499,"Tác giả trong SGK mới: Thượng úy công an nổi tiếng nhờ viết truyện, tiểu thuyết",giao-duc
500,Cán bộ ĐH Duy Tân tập huấn chế tạo máy bay không người lái tại Hàn Quốc,giao-duc
501,"Xe BMW tại Việt Nam ngày càng dễ tiếp cận, lái có còn 'chất'?",xe
502,"Bentley Continental GT Azure V8 đầu tiên về Việt Nam, giá gần 22 tỉ đồng",xe
503,"Quyết đấu Ford Ranger, nhiều mẫu xe bán tải tại Việt Nam rục rịch thay đổi",xe
504,"Kia Seltos 2024 tại Việt Nam có 4 phiên bản, giá từ 599 triệu đồng",xe
505,Chi tiết VinFast VF Wild tại 'thiên đường' xe bán tải,xe
506,Lý do khách hàng Việt chọn mua ô tô điện trả góp,xe
507,"Xe Trung Quốc Haima S5 cũ giá 180 triệu đồng, có nên mua?",xe
508,"Ô tô gầm cao cỡ nhỏ, dưới 600 triệu: Hyundai Venue giảm giá, đấu Kia Sonet",xe
509,"Sedan hạng D: Doanh số Honda Accord bất ngờ tăng, Kia K5 dần mất sức hút",xe
510,"Crossover cỡ trung: Mazda CX-5 bán 600 xe, vẫn bỏ xa Ford Territory, Honda CR-V",xe
511,"Ô tô mới đời cũ tồn kho 'đại hạ giá', có nên mua?",xe
512,"Toyota Land Cruiser 300 dính lỗi hộp số, triệu hồi 930 xe tại Việt Nam",xe
513,"MG5 số tự động về Việt Nam, giá dưới 500 triệu đồng",xe
514,Triệu hồi gần 400 xe Lexus LX600 tại Việt Nam dính lỗi hộp số,xe
515,3 yếu tố bạn cần xem xét khi mua xe côn tay,xe
516,Ô tô mới giá tiền tỉ ồ ạt tràn về Việt Nam bất chấp sức mua giảm,xe
517,"SUV 7 chỗ: Doanh số thấp kỷ lục, Toyota Fortuner tiếp tục bán chưa tới 100 xe",xe
518,"Chưa kịp về Việt Nam, Honda Stylo rục rịch có thêm phiên bản mới",xe
519,"3 mẫu ô tô 'tốt gỗ', hợp với khách Việt ít 'chuộng hình thức'",xe
520,"Nhập từ Trung Quốc, Volkswagen Viloran thành 'hiện tượng' tại Việt Nam",xe
521,Ô tô trong tầm giá nào được người Việt chọn mua nhiều nhất?,xe
522,"Mitsubishi Pajero Sport 2024 cải lùi hộp số, hứa hẹn về Việt Nam",xe
523,Ô tô điện hạng sang Porsche Taycan 'rớt giá' 50% sau 3 năm sử dụng,xe
524,Nhiều ô tô tồn kho tại Việt Nam đại hạ giá,xe
525,Xe 'khỉ' Honda Monkey có bản giới hạn Star Wars Limited Edition sản xuất chỉ 300 chiếc,xe
526,Xe bán tải điện VinFast VF Wild xuất hiện tại Thái Lan,xe
527,"Tài xế 'cố đấm ăn xôi', lái ô tô quay đầu đi ngược chiều trên cầu",xe
528,"Làm phim bội thu, Trấn Thành tậu thêm Volkswagen Viloran mới nhập từ Trung Quốc",xe
529,Phiên đấu giá biển số ô tô lần thứ 3: Ngày đầu tiên thành công tốt đẹp,xe
530,"Ưu, nhược điểm Volkswagen Teramont X giá 1,998 tỉ vừa tung ra thị trường Việt Nam",xe
531,"Sau 7 tháng, Xanh SM lọt top 2 thị trường gọi xe công nghệ",xe
532,Toyota Land Cruiser bị trộm nhiều nhất ở Nhật Bản,xe
533,"Xe gia đình cỡ nhỏ: Mitsubishi Xpander giảm mạnh doanh số, bộ 3 xe Toyota 'rớt hạng'",xe
534,Lộ diện 10 hãng xe máy bán chạy nhất thế giới: Honda dẫn đầu,xe
535,Lô xe cảnh sát VinFast VF 8 không phục vụ tại Việt Nam,xe
536,Đại lý Volvo tại Việt Nam trang bị cổng sạc điện ô tô,xe
537,"Ô tô cỡ nhỏ dưới 450 triệu đồng bán ít nhất, chỉ Wigo tăng trưởng",xe
538,VinFast VF 8 dùng làm xe cảnh sát xuất hiện tại Việt Nam,xe
539,Sedan hạng C giá dưới 900 triệu đồng ngày càng ít khách mua,xe
540,Giảm giá 'xả hàng' Honda City hút khách nhất phân khúc sedan hạng B dưới 600 triệu,xe
541,IIHS giải thích lý do không thử nghiệm va chạm ô tô ở tốc độ cao hơn,xe
542,3 mẫu xe xanh chờ 'thời cơ' tung ra thị trường Việt Nam,xe
543,5 món phụ kiện ô tô 'ít tiền' cần thiết cho xe giá rẻ,xe
544,Thị trường ô tô Việt khó 'có cửa' hồi phục trong năm 2024?,xe
545,"Ford Ranger Stormtrak xuất hiện tại Việt Nam, giá tiền tỉ?",xe
546,SUV 7 chỗ Hyundai Palisade bất ngờ giảm giá 90 triệu đồng tại Việt Nam,xe
547,Hơn 430 xe Mercedes lắp ráp tại Việt Nam 'lãnh án' triệu hồi do lỗi bơm nhiên liệu,xe
548,"Volvo S90 Recharge giá 2,89 tỉ đồng, xe lai điện tiết kiệm xăng nhất Việt Nam",xe
549,"Tiêu thụ ô tô tại Việt Nam giảm 40%, phần lớn người mua chọn xe gầm cao",xe
550,"Hyundai Creta N Line máy khỏe hơn, có thêm hộp số sàn thể thao",xe
551,Tài xế 'hồn nhiên' lái xe Toyota Fortuner đi vào đường ngược chiều,xe
552,"Xe bán tải cả tháng bán chưa tới 1.000 chiếc, phần lớn người Việt mua Ford Ranger",xe
553,Lexus LM rớt giá 1 tỉ đồng mỗi năm tại Việt Nam,xe
554,Xe điện VinFast thay đổi thói quen dịch chuyển của người Việt,xe
555,Điều đáng tiếc trên Ford Everest Platinum về Việt Nam,xe
556,Honda Civic 30 năm tuổi tại Việt Nam rao giá vài chục triệu đồng,xe
557,"Volkswagen Teramont X có 5 chỗ ngồi, giá từ 1,998 tỉ đồng tại Việt Nam",xe
558,"Ô tô ồ ạt giảm giá, xe hãng nào được người Việt chọn mua nhiều nhất?",xe
559,Mitsubishi Outlander mới chưa về Việt Nam đã có bản nâng cấp,xe
560,3 thói quen cần 'sửa' khi chuyển từ xe máy xăng sang xe máy điện,xe
561,Mua ô tô lần đầu: Nên chọn xe điện hay xe máy xăng truyền thống?,xe
562,"Fortuner nâng cấp động cơ, Hilux thêm trang bị, giảm giá bán trở lại vào tháng 5",xe
563,Ô tô điện đã qua sử dụng đang 'rớt' giá mạnh,xe
564,"10 ô tô bán ít nhất Việt Nam tháng 2.2024: Toyota áp đảo, Kia góp mặt",xe
565,"10 ô tô bán chạy nhất Việt Nam tháng 2.2024: Vắng bóng xe Toyota, Ranger dẫn đầu",xe
566,"'Trùm cuối' Ford Everest Platinum V6 có giá gần 1,6 tỉ đồng",xe
567,"'Chạy đà' doanh số, sedan hạng B dưới 600 triệu 'đua' ưu đãi, giảm giá bán",xe
568,Điều hòa ô tô có mùi ẩm mốc: Nguyên nhân và cách khắc phục,xe
569,Kinh nghiệm lái xe an toàn trên cao tốc vào ban đêm,xe
570,Lái ô tô trên cao tốc vào ban đêm: Cần lưu ý gì?,xe
571,"Lộ diện thương hiệu, mẫu mã ô tô có tỷ lệ khách hàng trung thành cao nhất",xe
572,"Ô tô con 'cướp làn', chạy ngược chiều bị ép đi lùi trên phố",xe
573,"Ô tô dừng khẩn cấp trên cao tốc, làm sao để đảm bảo an toàn?",xe
574,"Lexus LS sau 20 năm sử dụng tại Việt Nam, rao giá 400 triệu đồng",xe
575,Nút bấm 'lạ' trên cốp xe Honda CR-V để làm gì?,xe
576,"Chi phí sản xuất ô tô điện sẽ thấp hơn xe xăng, dầu vào năm 2027",xe
577,Ô tô gầm cao cỡ nhỏ dưới 800 triệu: Rầm rộ cuộc đua giảm giá,xe
578,Chọn Kia Sedona cũ hay Toyota Innova mới cho gia đình?,xe
579,Xe hiếm Ssangyong Tourismo cạnh tranh Kia Sedona tại Việt Nam,xe
580,Xanh SM Platform cam kết chia sẻ doanh thu tới 80% trong 3 năm đầu,xe
581,Xe SUV 7 chỗ tại Việt Nam 'đại hạ giá' có mẫu giảm hàng trăm triệu đồng,xe
582,Lái xe trên cao tốc Hà Nội - Hải Phòng: Cần lưu ý gì?,xe
583,3 cách tăng tuổi thọ xe máy điện khi sử dụng tại Việt Nam,xe
584,Chi phí cần chuẩn bị khi có ý định mua ô tô,xe
585,Top 50 nhân vật có tầm ảnh hưởng trong ngành ô tô vinh danh Chủ tịch Vingroup,xe
586,Toyota Mirai 'đại hạ giá' gần 60% vì thiếu trạm nạp nhiên liệu hydro,xe
587,Vụ cháy gây chìm tàu Felicity Ace chở hơn 3.900 ô tô: Volkswagen bị khởi kiện,xe
588,VinFast VF e34 đã qua sử dụng tăng giá gần cả trăm triệu đồng,xe
589,"Mitsubishi Xforce lái chuẩn Nhật, giá ngang xe Hàn",xe
590,"Xe tay ga Trung Quốc trang bị nhiều tính năng công nghệ, cạnh tranh Honda ADV 160",xe
591,"Bãi giữ xe máy chia khu vực riêng cho xe Honda Lead, vì sao?",xe
592,Lái xe trên cao tốc TP.HCM - Long Thành - Dầu Giây: Cần lưu ý gì?,xe
593,Giới kinh doanh xe cũ 'lao đao' vì ô tô Mercedes giảm giá hơn 700 triệu đồng,xe
594,"SUV 7 chỗ: Bán chưa tới 100 xe, Toyota Fortuner bị Mitsubishi Pajero Sport vượt mặt",xe
595,Ô tô không có nút bấm vật lý sẽ khó đạt chuẩn an toàn cao nhất,xe
596,"Lần đầu mua ô tô, nên chọn xe mới hay đã qua sử dụng?",xe
597,Lái xe trên cao tốc Đà Nẵng - Quảng Ngãi: Làm gì để đảm bảo an toàn?,xe
598,"Sedan hạng D: 'Ế hoàn ế', Toyota Camry bán hơn 100 xe vẫn dẫn đầu phân khúc",xe
599,Xếp hạng ô tô 'xanh' nhất thế giới: Xe hybrid vượt loạt xe điện,xe
600,Toyota Vios 2024 bản 'taxi' giá 458 triệu đồng tại Việt Nam trang bị gì?,xe
601,Tân binh mới phân khúc B-SUV: Yaris Cross mạnh mẽ vượt trội,xe
602,"Ô tô gầm cao cỡ nhỏ dưới 750 triệu: Hyundai Creta giảm giá, đấu Mitsubishi Xforce",xe
603,Datsun 280ZX hơn 40 năm tuổi độc nhất Việt Nam,xe
604,"Doanh số 'lao dốc', các hãng xe tại Việt Nam giảm sản xuất, nhập khẩu ô tô",xe
605,"Crossover cỡ trung: Doanh số giảm hơn 1.000 xe, Mazda CX-5 vẫn dẫn đầu phân khúc",xe
606,"Honda CR-V 2025 có thêm bản động cơ quá phức tạp, khó về Việt Nam",xe
607,"Trạm sạc EBOOST thu hút đầu tư, thúc đẩy quá trình chuyển đổi xanh tại Việt Nam",xe
608,"Xả hàng tồn kho, giá bán nhiều mẫu sedan hạng B giảm hàng chục triệu đồng",xe
609,"Xe tay ga Yamaha Zuma 125 2024 sản xuất tại Mỹ, giá gần 3.800 USD",xe
610,Toyota Land Cruiser Prado 2024 rục rịch gia nhập thị trường Việt Nam,xe
611,Ô tô suýt 'gặp họa' vì xe đạp liều lĩnh chạy trên cao tốc trong đêm,xe
612,"MG3 2024 cạnh tranh Toyota Yaris, hứa hẹn về Việt Nam",xe
613,"Giá bán Toyota Vios, Veloz Cross tại Việt Nam giảm gần 50 triệu đồng",xe
614,Có nên mua Toyota Land Cruiser Prado giá hơn 300 triệu đồng?,xe
615,VinFast gây sốt với chính sách mua xe trả góp chỉ từ 176.000 đồng/ngày,xe
616,Xe tay ga Vespa 946 Dragon phiên bản 'hàng hiếm' về Việt Nam,xe
617,"Hết ưu đãi lệ phí trước bạ, người Việt giảm mua ô tô lắp ráp trong nước",xe
618,"SUV đô thị: Vượt mặt bộ 3 xe Hàn, Honda HR-V bất ngờ dẫn đầu phân khúc",xe
619,Xe hiếm Lexus RX400h rao giá 260 triệu đồng tại Việt Nam,xe
620,"Toyota mạnh tay cải tổ bộ máy, quy trình, hướng tới tương lai phát triển bền vững",xe
621,Vụ xe khách gặp nạn ở Tam Đảo: Kỹ năng dùng phanh khi lái xe đường đèo,xe
622,Sedan hạng B giá dưới 600 triệu đồng bán chậm tháng đầu năm 2024,xe
623,Toyota Land Cruiser hơn 25 năm tuổi dùng làm xe cảnh sát Nhật Bản,xe
624,Nhiều người dùng ô tô điện không muốn đổi sang các dòng xe khác,xe
625,Xe Trung Quốc 'nhái' Land Rover một thời tại Việt Nam rớt giá thê thảm,xe
626,Mitsubishi Grandis 15 năm tuổi 'tân trang' như xe đời mới,xe
627,"3 ô tô mới giá 500 - 700 triệu đồng, có cả xe SUV/crossover hạng C",xe
628,"Yamaha Fazzio 2024 cạnh tranh Honda Vision, giá từ 36 triệu đồng",xe
629,"Hãng xe Trung Quốc 'bành trướng' Đông Nam Á, tăng lực vào phân khúc xe tay ga",xe
630,Sedan hạng C tầm giá dưới 900 triệu đồng: Doanh số giảm Mazda3 vẫn dẫn đầu,xe
631,"Hơn 1.300 xe bán tải tiêu thụ tại Việt Nam đầu năm 2024, Isuzu D-Max vượt BT-50",xe
632,Doanh số ô tô hộp số sàn bất ngờ tăng trưởng,xe
633,"Tháng đầu năm 2024, người Việt giảm mua sắm ô tô",xe
634,"Ô tô cỡ nhỏ giá dưới 450 triệu đồng: Grand i10 áp đảo Wigo, Morning",xe
635,"Mitsubishi Xforce bản tiêu chuẩn về Việt Nam, giá 620 triệu đồng",xe
636,Lái xe trên cao tốc và đường thường khác nhau thế nào?,xe
637,"Kia Seltos sắp có bản hybrid, cạnh tranh Toyota Corolla Cross",xe
638,"Sai phạm liên quan đến chứng nhận khí thải động cơ diesel, Toyota đối mặt án phạt",xe
639,Xe gia đình cỡ nhỏ: Suzuki bất ngờ vượt mặt Toyota tháng đầu năm 2024,xe
640,Các lỗi tài xế dễ vi phạm khi lái xe trên cao tốc và mức xử phạt,xe
641,"'Chạy đà' doanh số, đại lý giảm giá bán nhiều mẫu xe máy ngay sau tết",xe
642,"Đầu năm 2024, người Việt mua ô tô hãng nào nhiều nhất?",xe
643,"Áp lực cạnh tranh ở phân khúc B-SUV, Hyundai Creta giảm giá mạnh ngay sau Tết",xe
644,"Đoàn xe máy 'hớt hải' quay đầu, chạy ngược chiều trên cao tốc… để tránh CSGT",xe
645,"Sau Tết Nguyên đán, thời điểm thích hợp để mua ô tô",xe
646,"Càng 'tài mới' càng phải học nhiều, học kỹ trước khi lái xe vào cao tốc",xe
647,"Sau tết, hàng loạt mẫu ô tô tại Việt Nam chạy đua giảm giá",xe
648,"Tài xế xe container quyết 'chèn đường', không cho xe khách vượt trên làn dừng khẩn cấp",xe
649,10 ô tô bán ít nhất Việt Nam tháng đầu năm 2024: Xe Toyota chiếm đa số,xe
650,Kinh nghiệm giúp lái xe an toàn trên cao tốc Cam Lộ - La Sơn,xe
651,'Tài già' chia sẻ văn hóa lái xe trên cao tốc,xe
652,Lái xe trên cao tốc tại Việt Nam cần chuẩn bị trước những gì?,xe
653,10 ô tô bán chạy nhất Việt Nam tháng đầu năm 2024: Mitsubishi Xpander dẫn đầu,xe
654,Kỹ năng lái xe an toàn trên đường cao tốc,xe
655,"Kiến thức cơ bản về đường cao tốc, lái xe cần biết",xe
656,Vì sao người Việt ngày càng chuộng taxi điện?,xe
657,Phân khúc ô tô nào sẽ 'lên ngôi' trong năm mới 2024,xe
658,"Quy định về an toàn giao thông trên cao tốc tại Việt Nam, lái xe cần biết",xe
659,Loạt xe Hàn Quốc sắp đổ bộ Việt Nam có đáng để chờ đợi?,xe
660,"Bán ế tại quê nhà, ô tô điện Haima 7X-E có đủ sức hút khách Việt?",xe
661,"Vừa tung ra đã hút khách mua, Honda Stylo 160 'phả hơi nóng' vào Yamaha Grande",xe
662,Từ tai nạn trên cao tốc Cam Lộ - La Sơn: 3 lỗi tài xế cần tránh,xe
663,Cuộc đua ô tô bán chạy nhất Việt Nam: Mitsubishi Xpander liệu có giữ được ngôi vương?,xe
664,Có phải lái ô tô chạy chậm sẽ tiết kiệm nhiên liệu?,xe
665,"Bị cắt trợ cấp, doanh số ô tô điện, xe PHEV trên toàn cầu sụt giảm",xe
666,Ô tô điện Hyundai Kona Electric 2024 cập bến Đông Nam Á,xe
667,"Sau tết, nhiều mẫu ô tô giảm lệ phí trước bạ",xe
668,Chủ xe ô tô chạy bằng nhiên liệu hydro gặp khó tại Mỹ,xe
669,Xe cũ Volkswagen Teramont ngang giá lăn bánh Hyundai Palisade tại Việt Nam,xe
670,Bất ngờ với loạt trang bị trên VinFast VF 5 tại Indonesia,xe
671,"VinFast VF 5 tay lái nghịch có mặt tại Indonesia

",xe
672,'Ngán ngẩm' người đàn ông lái xe máy du xuân... trên cao tốc,xe
673,"Từ hôm nay, áp dụng quy định mới về đăng kiểm ô tô, chủ xe cần biết",xe
674,"4 thói quen dễ khiến tài xế ô tô đạp nhầm chân ga, nhất là ‘lái mới’",xe
675,"Đại lý độ Suzuki Jimny 'nhái' xe Mercedes tại Việt Nam, hét giá gần 1 tỉ đồng",xe
676,Xu hướng mua sắm ô tô của người Việt năm 2024,xe
677,Xe gia đình cỡ nhỏ vẫn là phân khúc ‘nóng’ tại thị trường Việt Nam,xe
678,"Ô tô thương hiệu nào ít gặp sự cố, đáng tin cậy nhất năm 2024?",xe
679,"Honda City hatchback có bản nâng cấp, cạnh tranh Toyota Yaris, Mazda2",xe
680,Những mẫu ô tô kỳ vọng gia nhập thị trường Việt Nam trong năm 2024,xe
681,SUV 7 chỗ tầm giá 1 tỉ đồng: Còn cơ hội cho Toyota Fortuner?,xe
682,Xe bán tải tại Việt Nam: Ford Ranger vẫn là 'chân ái',xe
683,"10 tỉnh, thành phố tiêu thụ ô tô nhiều nhất Việt Nam",xe
684,"Bản nâng cấp Toyota Corolla Cross trình làng Đông Nam Á, giá từ 654 triệu đồng",xe
685,Xe Hàn vượt xe Nhật ở phân khúc SUV đô thị,xe
686,Mazda CX-5 vượt trội ở phân khúc crossover cỡ trung: Giá bán quyết định tất cả?,xe
687,"3 mẫu ô tô vẫn 'tỏa sáng' tại Việt Nam, bất chấp thị trường ảm đạm",xe
688,Người Việt ngày càng 'thờ ơ' với sedan hạng D,xe
689,"Kia K3 giảm doanh số kỷ lục, sedan hạng C gặp khó vì SUV, crossover?",xe
690,"Những mẫu ô tô, xe máy phiên bản 'Rồng' bán giới hạn tại Việt Nam",xe
691,Toyota Vios ‘hụt hơi’ trước Hyundai Accent: Nguyên nhân vì đâu?,xe
692,Hàng trăm chủ xe Honda HR-V phản ánh kính sau bị vỡ khi bật tính năng sấy,xe
693,Vì sao doanh số xe máy tại Việt Nam giảm mạnh trong năm 2023?,xe
694,Người Việt đã chán ‘ô tô cóc’ hạng A giá rẻ?,xe
695,Lượng tiêu thụ ô tô tại Việt Nam giảm mạnh nhất khu vực Đông Nam Á,xe
696,"Tự rửa ô tô tại nhà ngày cận Tết, cần lưu ý gì?",xe
697,Lái ô tô đường dài: Cách giảm đau lưng,xe
698,Honda rục rịch phân phối xe tay ga Giorno+ 125 tại Việt Nam?,xe
699,Triệu hồi gần 6.000 xe VinFast VF 5 Plus tại Việt Nam sửa lỗi đèn chiếu sáng,xe
700,Lái ô tô đường dài: Đi cao tốc cần 'nằm lòng' những gì?,xe
701,Xuất hiện xe tay ga Trung Quốc 'nhái' y hệt thiết kế Honda ADV350,xe
702,5 vật dụng cần ‘thủ sẵn’ trên ô tô khi lái xe đường dài,xe
703,Doanh nghiệp vận tải tiết kiệm tiền tỉ nhờ dùng xe điện,xe
704,"Tài xế để trẻ thò đầu qua cửa sổ trời ô tô, ‘hóng gió’ trên cao tốc",xe
705,6 thứ nên chuẩn bị trước hành trình lái ô tô về quê chơi Tết,xe
706,Honda Civic 2023 số sàn đã qua sử dụng rao giá cao hơn xe mới,xe
707,5 phụ kiện chủ xe có thể tự thay thế khi bảo dưỡng ô tô chơi Tết,xe
708,"Ô tô gầm cao cỡ nhỏ, dưới 600 triệu: Chọn Kia Sonet, Toyota Raize hay Hyundai Venue?",xe
709,Bảo dưỡng ô tô trước Tết Nguyên đán: Cần kiểm tra những gì?,xe
710,4 vạch kẻ đường tài xế cần lưu ý khi lái xe đường dài,xe
711,"Mazda3 tại Việt Nam bổ sung bản cao cấp, giá 739 triệu đồng",xe
712,Lưu ý khi đưa ô tô đi đăng kiểm thời điểm cận Tết Nguyên đán,xe
713,"Công ty khởi nghiệp của Singapore hợp tác BYD phân phối xe máy điện, cạnh tranh VinFast",xe
714,"Isuzu D-Max 2024 cải tiến bản X-series, nỗ lực thoát ế",xe
715,"Xe tay ga Honda Stylo 160 'chào' Đông Nam Á, chờ ngày về Việt Nam",xe
716,5 lưu ý phải nhớ khi thuê ô tô tự lái dịp Tết?,xe
717,"Mitsubishi Xpander HEV 2024 thêm động cơ điện, trang bị 'xịn', giá hơn 600 triệu đồng",xe
718,Nghịch lý MG HS giá rẻ hơn 'đàn em' MG RX-5 tại Việt Nam,xe
719,Toyota dính bê bối chứng nhận động cơ dầu: Xe bán tại Việt Nam có ảnh hưởng?,xe
720,Chăm sóc xe tay ga trước Tết: Đừng quên thay dầu hộp số,xe
721,"Phẫn nộ tài xế lái xe taxi vượt ẩu, leo lên vỉa hè khi tắc đường",xe
722,Những chính sách mới liên quan đến ô tô có hiệu lực từ tháng 2.2024,xe
723,Lộ diện quốc gia có tỷ lệ tiêu thụ ô tô điện cao nhất thế giới,xe
724,VinFast VF 8 trở thành xe có giá thuê rẻ nhất,xe
725,Ford Transit 2024 xuất hiện tại Việt Nam,xe
726,"Vì sao người Việt ngày càng chuộng ô tô gầm cao cỡ nhỏ, giá dưới 600 triệu?",xe
727,"Lập kỷ lục doanh số Toyota giữ vững ngôi vương, chủ tịch xin lỗi vì bê bối",xe
728,"Ô tô gầm cao cỡ nhỏ, giá dưới 600 triệu tại Việt Nam ngày càng cạnh tranh",xe
729,4 mẫu xe đáng cân nhắc khi thuê ô tô chơi Tết,xe
730,Những lý do Toyota Yaris Cross chinh phục khách Việt,xe
731,"Toyota gặp vấn đề liên quan đến động cơ diesel, tạm dừng sản xuất 10 mẫu xe",xe
732,"BMW X5 chống đạn đã qua sử dụng 21 năm, rao giá 600 triệu tại Việt Nam",xe
733,"Hyundai Starex 9 chỗ, số tự động hiếm thấy tại Việt Nam",xe
734,Ô tô được gắn thêm phụ kiện gì để 'đậu' đăng kiểm?,xe
735,5 mẫu ô tô gầm cao giá dưới 700 triệu hút khách nhất Việt Nam,xe
736,"Hyundai Creta 2024 bị 'cắt' nhiều trang bị, sơ sài hơn cả xe taxi",xe
737,Lộ diện mẫu ô tô bán chạy nhất thế giới năm 2023,xe
738,"CEO Tesla: 'Không có rào cản thương mại, xe điện Trung Quốc sẽ hủy diệt đối thủ'",xe
739,"Suzuki Jimny tại Đông Nam Á có bản mới, khách Việt vẫn mòn mỏi đợi chờ",xe
740,Mitsubishi Xpander bổ sung bản dùng mô-tơ điện,xe
741,Toyota Việt Nam phân phối trở lại mẫu xe Avanza Premio số sàn,xe
742,Honda Civic 2025 có thêm bản động cơ hybrid như CR-V,xe
743,Xe Trung Quốc Haima 7X giảm giá hơn trăm triệu đồng vì ế khách,xe
744,Mazda2 2024 tại Việt Nam có thêm bản Sport,xe
745,Triệu hồi 60 xe Ford Everest tại Việt Nam,xe
746,Chủ tịch Toyota: Ô tô điện chỉ có thể chiếm 30% thị phần ô tô trong tương lai,xe
747,Xe SUV 'xịn' nhất của Volvo tại Việt Nam bị triệu hồi vì lỗi dây an toàn,xe
748,"Sedan hạng D ngày càng 'kém khách', Toyota Camry cũng mất dần sức hút",xe
749,Xuống Bãi Sau TP.Vũng Tàu xem thi đấu mô tô trên cát,xe
750,"Xe tải lớn vượt ẩu tại khúc cua, suýt gây tai nạn liên hoàn",xe
751,Bộ Y tế hướng dẫn mới nhất về khám sức khỏe lái xe,suc-khoe
752,"Thực trạng dinh dưỡng 'thừa đa chất, thiếu vi chất' ở người Việt",suc-khoe
753,Nhập viện cấp cứu vì dương vật giả nằm trong hậu môn,suc-khoe
754,"Để chạy bộ an toàn, không thể thiếu những điều sau",suc-khoe
755,Cứu sống bệnh nhân bị đột quỵ diễn biến phức tạp,suc-khoe
756,SMILE Pro - Phương pháp mổ cận hàng đầu hiện nay,suc-khoe
757,"Bác sĩ 24/7: Bệnh lao ruột là gì, có nguy hiểm không?",suc-khoe
758,4 cách giúp giữ hàm răng khỏe mạnh đến già,suc-khoe
759,4 dấu hiệu cảnh báo thịt đông lạnh đã hỏng,suc-khoe
760,"Lội bùn, người đàn ông suýt tử vong do vi khuẩn tấn công",suc-khoe
761,Tư vấn sức khỏe,suc-khoe
762,Mối liên quan giữa chim hoang dã và cúm gia cầm H5N1,suc-khoe
763,"Nổ bình gas, người phụ nữ bị gãy xương khớp vai",suc-khoe
764,"Sau ca tử vong vì cúm gia cầm, Khánh Hòa tăng cường  biện pháp phòng chống dịch",suc-khoe
765,Bổ nhiệm tân giám đốc bệnh viện lớn nhất Tây nguyên,suc-khoe
766,'Không nên ưu tiên mua sắm quần áo hơn chăm sóc sức khỏe răng miệng',suc-khoe
767,Nắng nóng gay gắt: Phát hiện tác hại bất ngờ đối với người 50 tuổi,suc-khoe
768,Bảng giá phun môi tại TMV Ngọc Dung 2024,suc-khoe
769,Bác sĩ 24/7: Vì sao ngộ độc thuốc tê nhổ răng có thể dẫn đến tử vong?,suc-khoe
770,Ngày mới với tin tức sức khỏe: Bệnh gì cần lưu ý khi ăn tỏi?,suc-khoe
771,Những loại rau củ tốt cho sức khỏe nhất,suc-khoe
772,Những vấn đề sức khỏe cần tránh ăn tỏi,suc-khoe
773,"Phát hiện mới: Một muỗng giấm táo mỗi ngày cải thiện đường huyết, cholesterol và cân nặng",suc-khoe
774,Nam thanh niên nhiễm cúm gia cầm tử vong: bệnh nhân từng bẫy chim hoang dã,suc-khoe
775,Sản phụ bị băng huyết ở Phú Quốc đã tử vong,suc-khoe
776,Hỗ trợ tâm lý cho người bệnh,suc-khoe
777,Hàng trăm người dân Phú Quốc trắng đêm mong được hiến máu cứu sản phụ băng huyết,suc-khoe
778,Uống nước ấm hay nước lạnh tốt hơn?,suc-khoe
779,"Dậy sớm đi chợ, người phụ nữ 42 tuổi bị đột quỵ",suc-khoe
780,"Ngăn bùng phát bệnh ho gà, sởi và các bệnh truyền nhiễm",suc-khoe
781,Khẩn cấp ngăn chặn bệnh ho gà,suc-khoe
782,"Cúm gia cầm lây lan, nguy hiểm như thế nào?",suc-khoe
783,Ngày mới với tin tức sức khỏe: Uống nước ấm hay nước lạnh tốt hơn?,suc-khoe
784,Ngày mới với tin tức sức khỏe: Ai nên hạn chế ăn thịt?,suc-khoe
785,Khô mắt kéo dài tác động tiêu cực đến sức khỏe,suc-khoe
786,Nam giới cần làm gì để tránh xa phì đại tuyến tiền liệt?,suc-khoe
787,Ăn chất xơ như thế nào để giảm cholesterol tăng cao?,suc-khoe
788,"Bán thực phẩm đông lạnh không rõ nguồn gốc, một hộ bị phạt 50 triệu đồng",suc-khoe
789,Phát hiện nhiều mảnh kính vỡ nằm sâu trong mũi nam bệnh nhân,suc-khoe
790,"Nhiều trường hợp trẻ bị rắn cắn, hóc xương cá, dị vật ngày tết",suc-khoe
791,"Bình Dương: Hàng trăm người được khám, tư vấn phòng ngừa đột quỵ",suc-khoe
792,Nam sinh viên ở Khánh Hòa nhiễm cúm gia cầm đã tử vong,suc-khoe
793,Cắt bỏ thành công khối u máu gan nặng hơn 5 kg,suc-khoe
794,Tác động không ngờ đến giấc ngủ do bỏ ăn sáng,suc-khoe
795,Hàng chục bệnh nhân vô gia cư ở Đồng Nai được miễn viện phí,suc-khoe
796,Ngày mới với tin tức sức khỏe: Ăn dưa hấu giúp giảm nguy cơ ung thư,suc-khoe
797,Lại thêm tin vui cho người yêu thích cà phê,suc-khoe
798,Phát hiện chế độ ăn có tác dụng ngăn ngừa ung thư phổi,suc-khoe
799,Ăn dưa hấu có tác dụng không ngờ tới tuyến tiền liệt,suc-khoe
800,"Hy hữu: Bố có 4 quả thận, con gái có 3 quả thận và 2 bàng quang",suc-khoe
801,"Một sinh viên ở Khánh Hòa hôn mê, diễn biến nặng do nhiễm cúm gia cầm",suc-khoe
802,"Cách bảo quản thực phẩm trong tủ lạnh, tủ đông an toàn",suc-khoe
803,Làm chậm tiến triển bệnh thận mạn,suc-khoe
804,Gội đầu rồi đi ra ngoài nắng nóng sẽ bị chóng mặt?,suc-khoe
805,Ngày mới với tin tức sức khỏe: Phát hiện lợi ích bất ngờ của giấc ngủ trưa,suc-khoe
806,Dấu hiệu cơn co thắt cơ bất thường là ung thư não,suc-khoe
807,Tư thế ngủ giúp giảm đau lưng và hông,suc-khoe
808,Ngủ trưa tác động tích cực thế nào đến tim?,suc-khoe
809,"Hy hữu: Con lươn dài 30 cm nằm trong bụng, làm thủng ruột bệnh nhân",suc-khoe
810,Phẫu thuật thành công bướu giáp 'khủng' cho nữ bệnh nhân,suc-khoe
811,"Hàng nghìn người được khám, chữa bệnh từ chương trình ‘Vì một Việt Nam khỏe mạnh hơn’",suc-khoe
812,Biến thể phụ JN.1 gây dịch Covid-19 đang chiếm ưu thế,suc-khoe
813,30 phút sốc điện cứu sống cụ ông bị nhồi máu cơ tim cấp,suc-khoe
814,"Chuyên gia tư vấn theo dõi thai, đẻ không đau và vắc xin cho trẻ",suc-khoe
815,"Nắng nóng, coi chừng đột quỵ do nhiệt",suc-khoe
816,Ngày mới với tin tức sức khỏe: Tại sao ăn khoai lang nên giữ nguyên vỏ?,suc-khoe
817,"Khoai lang rất bổ dưỡng, nhưng có nên ăn cả vỏ?",suc-khoe
818,"Loại củ được bác sĩ khuyên nên ăn để ngăn ngừa ung thư, bệnh tim",suc-khoe
819,Cà phê uống vào lúc nào trong ngày để có hiệu quả tốt nhất?,suc-khoe
820,"Đau cách hồi, vết thương ở chân không lành cần đề phòng tắc động mạch chi dưới",suc-khoe
821,"Cứu sống cụ ông 73 tuổi ngưng tim, ngưng thở",suc-khoe
822,Bệnh sởi đã biến đổi so với 'truyền thống',suc-khoe
823,"Đắk Nông: Căn cứ thực tế lập đội bắt chó, mèo thả rông, phòng chống bệnh dại",suc-khoe
824,"Nắng nóng gay gắt, những ai dễ gặp nguy hiểm?",suc-khoe
825,Phẫu thuật u tủy sống cứu cụ ông thoát cảnh liệt hai chân,suc-khoe
826,Nguy kịch vì ngộ độc thuốc gây tê nhổ răng,suc-khoe
827,"TP.HCM: Cắt bướu, bảo tồn thận cho người bệnh chỉ có 1 quả thận",suc-khoe
828,5 loại trái cây tốt cho thận,suc-khoe
829,"Phẫu thuật cắt bỏ khối u xơ tử cung nặng 2,7 kg",suc-khoe
830,ZO® Skin Health thay đổi tem chính hãng bảo vệ làn da khỏi sản phẩm giả mạo,suc-khoe
831,Tập thể dục quá sức gây hại như thế nào?,suc-khoe
832,Năm 2024 sẽ mở rộng độ bao phủ triển khai PrEP,suc-khoe
833,"Bác sĩ 24/7: Nguồn lây nhiễm vi khuẩn Salmonella từ đâu, cách phòng tránh?",suc-khoe
834,Ngày mới với tin tức sức khỏe: Ăn đậu đen lợi đủ điều,suc-khoe
835,Người hay đi tiểu đêm cần chú ý bệnh gì?,suc-khoe
836,5 loại trái cây tốt cho thận,suc-khoe
837,Lợi ích sức khỏe khi ăn đậu đen,suc-khoe
838,Ngăn chặn nguy cơ bùng phát bệnh sởi,suc-khoe
839,'Cậu nhỏ' bị biến dạng sau phẫu thuật tăng kích cỡ,suc-khoe
840,Những ai không nên tắm nước nóng?,suc-khoe
841,Phòng chống nhiễm khuẩn bệnh viện tốt thì bệnh nhân được hưởng lợi,suc-khoe
842,Bác sĩ 24/7: Làm thế nào để phòng bệnh suy thận?,suc-khoe
843,Cấp bách phòng chống bệnh dại,suc-khoe
844,Ngày mới với tin tức sức khỏe: Lợi ích bất ngờ khi chơi cầu lông,suc-khoe
845,Lý do uống cà phê buổi sáng dễ bị buồn nôn,suc-khoe
846,Nên ăn gì nếu bạn muốn sống thọ đến 100 tuổi?,suc-khoe
847,Những lợi ích tuyệt vời khi chơi cầu lông,suc-khoe
848,Vụ ngộ độc tại quán cơm gà ở Nha Trang: Phát hiện thêm 2 loại vi khuẩn,suc-khoe
849,Để hạn chế ngạt khói khi xảy ra cháy,suc-khoe
850,Tư vấn sức khỏe,suc-khoe
851,Tránh những thực phẩm sau đây khi bị sốt,suc-khoe
852,Làm điều này lúc rảnh rỗi cũng giúp giảm nguy cơ đột quỵ,suc-khoe
853,Làm điều này khi tập thể dục tưởng đẹp nhưng có thể gây hại,suc-khoe
854,Tập thể dục kiểu này có thể gây hại cho tim,suc-khoe
855,Tác dụng bất ngờ của nước chanh mật ong khi thời tiết giao mùa,suc-khoe
856,Đa mô thức trong điều trị ung thư: Từ nghiên cứu đến ứng dụng lâm sàng,suc-khoe
857,"Hơn 2.500 người khuyết tật, trẻ mồ côi, công nhân được khám bệnh, cấp thuốc miễn phí",suc-khoe
858,Vụ nghi ngộ độc cơm gà ở Nha Trang: Thêm 5 ca dương tính với khuẩn Salmonella,suc-khoe
859,"Vụ nghi ngộ độc cơm gà ở Nha Trang: 358 người nhập viện, 1 thai phụ điều trị tích cực",suc-khoe
860,Ngày mới với tin tức sức khỏe: Loại dầu quen thuộc có thể ngăn ngừa ung thư,suc-khoe
861,Các loại nước ép tốt cho tim mạch,suc-khoe
862,Ăn gì để tóc khỏe?,suc-khoe
863,Loại thuốc từ dầu ô liu có thể điều trị ung thư,suc-khoe
864,Xét nghiệm gen đánh giá nguy cơ ung thư,suc-khoe
865,"Vụ nghi ngộ độc cơm gà ở Nha Trang: 358 người nhập viện, 1 thai phụ điều trị tích cực",suc-khoe
866,Hơn 85% trẻ em mắc sâu răng,suc-khoe
867,Nên ăn gì để bổ sung i ốt?,suc-khoe
868,TP.HCM: Thêm một bệnh viện tư nhân ở Khu đô thị Phú Mỹ Hưng,suc-khoe
869,Thực phẩm giúp tăng cholesterol tốt,suc-khoe
870,Lý do nên ăn củ dền thường xuyên,suc-khoe
871,Ngày mới với tin tức sức khỏe: Nhiều lợi ích bất ngờ của thì là,suc-khoe
872,Các loại ung thư có thể biểu hiện dấu hiệu bất thường ở mắt,suc-khoe
873,Bạn có nhớ thay bàn chải đánh răng khi nào không?,suc-khoe
874,Lợi ích sức khỏe của thì là,suc-khoe
875,Phẫu thuật xuyên đêm cứu bệnh nhân bị khối u tim 'khổng lồ',suc-khoe
876,Vi khuẩn Salmonella gây ngộ độc ở thịt gà còn có trong thực phẩm nào?,suc-khoe
877,Chuyên gia ung bướu cảnh báo tác nhân gây ung thư dạ dày,suc-khoe
878,Vụ nghi ngộ độc cơm gà ở Nha Trang: Phát hiện khuẩn Salmonella,suc-khoe
879,"Người chết tim có thể hiến được nhiều mô, tạng",suc-khoe
880,Sản phụ 19 tuổi mang khối u buồng trứng 2 kg,suc-khoe
881,Bệnh viện Quân y 120 đưa vào hoạt động Trung tâm điều trị kỹ thuật cao,suc-khoe
882,Bệnh viện Quân y 121 kỷ niệm 60 năm thành lập,suc-khoe
883,"Khảo sát, đánh giá sự hài lòng người bệnh với dịch vụ y tế",suc-khoe
884,"Tôm rất ngon, nhưng những ai cần thận trọng khi ăn?",suc-khoe
885,Tư vấn trực tuyến: Cách phòng bệnh dại từ vật nuôi,suc-khoe
886,CDC Hà Nội mở lại phòng tiêm chủng dịch vụ,suc-khoe
887,CDC Mỹ sẽ giúp Việt Nam phòng chống nhiều dịch bệnh mới nổi,suc-khoe
888,Ngày mới với tin tức sức khỏe: Phát hiện nhiều tác dụng bất ngờ của trái thơm,suc-khoe
889,Đồ uống phù hợp với người bệnh tiểu đường,suc-khoe
890,Tác dụng không ngờ của trái thơm: giúp kiểm soát cholesterol,suc-khoe
891,Loại thuốc bổ nhiều người hay uống được phát hiện có thể ngăn ngừa đột quỵ,suc-khoe
892,Số nạn nhân nhập viện sau khi ăn cơm gà ở Nha Trang đã hơn 200 người,suc-khoe
893,Lựa chọn biện pháp tránh thai hiện đại phù hợp với các nàng,suc-khoe
894,"Bệnh viện Chợ Rẫy cứu sống ca bệnh hiếm, 100 năm mới ghi nhận 150 ca",suc-khoe
895,Bệnh dại trên người tăng đột biến,suc-khoe
896,"'Yêu' không đúng tư thế, người đàn ông bị gãy 'của quý' phải nhập viện cấp cứu",suc-khoe
897,Những thói quen buổi tối giúp tăng cường sức khỏe,suc-khoe
898,Sản phẩm ‘gốc thực vật’: Xu hướng mới để bảo vệ sức khỏe,suc-khoe
899,Người ăn nhiều thịt dễ bị thiếu vitamin nào?,suc-khoe
900,60 người nhập viện nghi ngộ độc thực phẩm sau khi ăn cơm gà ở Nha Trang,suc-khoe
901,"Tư vấn sức khỏe: Mổ cận, nên hay không?",suc-khoe
902,Lợi ích sức khỏe của quả khế,suc-khoe
903,"Ngày mới với tin tức sức khỏe: Loại rau quen thuộc chống cả ung thư, đột quỵ",suc-khoe
904,Thực phẩm được FDA công nhận giảm nguy cơ mắc bệnh tiểu đường,suc-khoe
905,Có nên ăn đầu và vỏ tôm?,suc-khoe
906,Loại rau chống ung thư được phát hiện trị cả đột quỵ,suc-khoe
907,An Giang: Liên tiếp 6 người bị chó dại cắn,suc-khoe
908,Tư vấn sức khỏe,suc-khoe
909,"Nỗ lực cứu nữ sinh lớp 8 nhiều lần ngưng tim, ngưng thở",suc-khoe
910,Bệnh viện Quân y 121 anh hùng và những điểm son,suc-khoe
911,"Uống ít nước, hàng trăm viên sỏi trong thận nam thanh niên",suc-khoe
912,Bị tắc ruột do nuốt phải quả ô mai xí muội,suc-khoe
913,"Cứu sống trẻ sinh non 32 tuần bị suy hô hấp, nhiễm khuẩn sơ sinh",suc-khoe
914,Quảng Bình: Cứu sống một trẻ sinh non mang nhiều dị tật,suc-khoe
915,"'Trải thảm' thu hút, Hà Tĩnh vẫn thiếu bác sĩ tuyến dưới",suc-khoe
916,Người bệnh gì không nên uống nước cam?,suc-khoe
917,"Đề xuất mở rộng chi trả BHYT đối với chẩn đoán, điều trị ung thư",suc-khoe
918,Bác sĩ 24/7: Chất độc chelonitoxism trong thịt rùa biển nguy hiểm thế nào?,suc-khoe
919,"Ngày mới với tin tức sức khỏe: Nhịn ăn giảm cân, cơ thể sẽ thế nào?",suc-khoe
920,"Bị táo bón, nên uống loại nước ép trái cây nào?",suc-khoe
921,"Nếu bạn bận quá, đi bộ chừng này cũng giảm nguy cơ mắc bệnh tim",suc-khoe
922,3 tác hại ít ngờ tới nếu nhịn đói để giảm cân,suc-khoe
923,Chó thả rông cắn liên tiếp 7 người ở Phú Yên,suc-khoe
924,"Vụ ăn bánh mì 153 người ngộ độc: Phạt 90 triệu đồng, đình chỉ kinh doanh 4 tháng",suc-khoe
925,Bệnh viện Mắt Sài Gòn Cần Thơ phẫu thuật thành công 40.000 ca đục thủy tinh thể,suc-khoe
926,"Tiểu khó vì bệnh tuyến tiền liệt, người đàn ông tự cắt lìa dương vật",suc-khoe
927,Vị thuốc đông y có tiềm năng điều trị ung thư đại tràng giai đoạn cuối,suc-khoe
928,"Bác sĩ 24/7: Nhịn ăn, thải độc đại tràng bằng cà phê có tốt?",suc-khoe
929,Ngày mới với tin tức sức khỏe: Mắc những bệnh sau đây không nên ăn chuối,suc-khoe
930,Phát hiện cách hạ huyết áp cao hiệu quả,suc-khoe
931,Cơn thèm chua có ý nghĩa như thế nào đối với sức khỏe?,suc-khoe
932,Những bệnh nào cần tránh ăn chuối?,suc-khoe
933,Vì sao ăn thịt rùa biển có thể gây ngộ độc?,suc-khoe
934,"Đau rát, tiểu khó, đi khám phát hiện ung thư dương vật",suc-khoe
935,Thêm nhiều lợi ích của nước chanh,suc-khoe
936,BERNARD HEALTHCARE ‘CHẠM ĐẾN TRÁI TIM’ NHỮNG BẬC THẦY Y KHOA TẠI NHẬT BẢN,suc-khoe
937,Những thực phẩm khiến da đầu bạn có nhiều gàu hơn,suc-khoe
938,Bác sĩ 24/7: Đá khô là gì mà sao có người ăn phải khạc ra máu?,suc-khoe
939,Ngày mới với tin tức sức khỏe: Lợi ích bất ngờ của cà phê và sữa,suc-khoe
940,Những ai cần hạn chế ăn hành tây?,suc-khoe
941,Người bệnh tiểu đường nên tập thể dục bao nhiêu phút là tốt nhất?,suc-khoe
942,Cà phê và sữa 'trị' được ung thư phổ biến,suc-khoe
943,Làm gì để giảm đau răng vào ban đêm?,suc-khoe
944,Căn bệnh quen thuộc có thể khiến 'cậu nhỏ' cương cứng suốt 18 tiếng,suc-khoe
945,"Kỳ thị là rào cản người nhiễm HIV tiếp cận dự phòng, điều trị",suc-khoe
946,Bệnh phù mạch hiếm gặp: Cả nước có 19 bệnh nhân,suc-khoe
947,Chuyên gia dinh dưỡng: Đây là 4 loại trái cây tốt nhất cho sức khỏe,suc-khoe
948,Người ngồi nhiều làm điều này trong giờ làm sẽ tăng 30% khả năng sống thọ,suc-khoe
949,Chuyên gia: Top 10 thực phẩm giúp sống thọ hơn,suc-khoe
950,Ngày mới với tin tức sức khỏe: 4 loại trái cây tốt nhất cho sức khỏe,suc-khoe
951,Những sai lầm về giấc ngủ làm tăng nguy cơ mắc ung thư,suc-khoe
952,Phát hiện bất ngờ về tác dụng của mùi trái cây chín đối với ung thư,suc-khoe
953,Lợi ích bất ngờ của sô cô la đối với người thiếu máu,suc-khoe
954,"Ăn cơm, không may nuốt luôn hàm răng giả vào thực quản",suc-khoe
955,Dấu hiệu đau lưng có thể là ung thư tuyến tiền liệt,suc-khoe
956,Những ai cần tránh ngủ ngửa?,suc-khoe
957,Ngày mới với tin tức sức khỏe: Thời điểm nên hạn chế uống cà phê,suc-khoe
958,Lợi ích sức khỏe bất ngờ của ăn cơm và gạo lứt,suc-khoe
959,"Có nên uống cà phê khi mệt mỏi, bệnh?",suc-khoe
960,"Đau ngực nhiều ngày không khám, người đàn ông suýt chết vì nhồi máu cơ tim cấp",suc-khoe
961,Buymed hợp tác chiến lược với Sanofi Việt Nam,suc-khoe
962,Công chức y tế làm thẩm định cấp phép không được quá 5 năm,suc-khoe
963,"Tặng thiệp, hoa chúc mừng ngày Quốc tế Phụ nữ 8.3 cho hơn 550 người bệnh",suc-khoe
964,"Nam sinh 13 tuổi đa chấn thương, hỏng mắt do laptop phát nổ",suc-khoe
965,"Phát hiện ca viêm màng não phế cầu, chủ động phòng ngừa bệnh",suc-khoe
966,Ung thư đại trực tràng ngày càng trẻ hóa,suc-khoe
967,Tác dụng của ớt bột đối với ung thư và bệnh tim,suc-khoe
968,Lợi ích của nước chanh mật ong,suc-khoe
969,Ngày mới với tin tức sức khỏe: Chuối nhiều dinh dưỡng nhưng ăn thế nào tốt nhất?,suc-khoe
970,Vì sao người ăn nhiều protein cần chú ý uống nước?,suc-khoe
971,Nên ăn bao nhiêu quả chuối mỗi ngày?,suc-khoe
972,Khuyến cáo từ bác sĩ dinh dưỡng nhi: phụ huynh nên thận trọng chọn đúng sữa chuẩn,suc-khoe
973,"Nam thanh niên tự nhét chai nhựa vào hậu môn, phải đến bệnh viện gắp ra",suc-khoe
974,Bị lóc da toàn bộ dương vật vì bất cẩn khi sửa máy tạo khí nuôi tôm,suc-khoe
975,Phát hiện tác dụng mới của Viagra,suc-khoe
976,Phát hiện thêm lợi ích tuyệt vời của tách cà phê sáng,suc-khoe
977,"Béo phì, đái tháo đường, rối loạn lipid máu và nguy cơ bệnh tim mạch",suc-khoe
978,"Bác sĩ 24/7: Mật ong có dưỡng chất gì, tốt hơn đường thế nào?",suc-khoe
979,Ngày mới với tin tức sức khỏe: Nhiều lợi ích bất ngờ từ nước chanh,suc-khoe
980,Vì sao ngủ nằm sấp lại gây đau mỏi khi thức dậy?,suc-khoe
981,Nước chanh có lợi thế nào với bàng quang?,suc-khoe
982,"Đá khô là gì mà gây nôn mửa, khạc ra máu, nguy kịch sau khi uống?",suc-khoe
983,Kiên Giang ghi nhận thêm ca mới mắc bệnh đậu mùa khỉ,suc-khoe
984,Nên hỏi ý kiến bác sĩ trước khi dùng chất bổ sung,suc-khoe
985,Một công ty sản xuất - y dược phẩm bị phạt hơn 11 tỉ đồng,suc-khoe
986,"Nghiện cờ bạc, cá độ trực tuyến có thể là rối loạn tâm thần",suc-khoe
987,Loại hoạt chất giúp giảm nguy cơ tử vong do ung thư và bệnh tim,suc-khoe
988,58% bệnh hiếm xuất hiện ở trẻ em,suc-khoe
989,Bác sĩ 24/7: Nồng độ cồn 'nội sinh' là gì?,suc-khoe
990,Ngày mới với tin tức sức khỏe: Triệu chứng phổ biến khi bị hạ đường huyết,suc-khoe
991,Chuyên gia: Top 10 thực phẩm giúp sống thọ hơn,suc-khoe
992,Những ai cần cảnh giác với hạ đường huyết?,suc-khoe
993,Hỗ trợ thuốc điều trị cho bệnh nhân ung thư vú,suc-khoe
994,Bóc tách khối u xơ tử cung kích thước lớn cho bệnh nhân,suc-khoe
995,"Mỗi ngày, cơ thể cần bao nhiêu vitamin D?",suc-khoe
996,Liệu pháp nhắm đích có gì khác biệt trong điều trị ung thư?,suc-khoe
997,"Bổ sung vitamin không nên tùy tiện, cần được bác sĩ chỉ định",suc-khoe
998,5 lợi ích của ánh nắng mặt trời đối với trẻ,suc-khoe
999,Tìm ra cách ăn giảm 50% nguy cơ tử vong do đột quỵ,suc-khoe
1000,"Ngày mới với tin tức sức khỏe: Tập thể dục ngừa bệnh tim, nhưng tránh việc này",suc-khoe
1001,Lỗ hổng bảo mật 36 năm tuổi gây nguy hiểm cho khóa cửa điện tử,cong-nghe-game
1002,Garmin trình làng đồng hồ chạy bộ GPS Forerunner 165 Series,cong-nghe-game
1003,Sản xuất bền vững giúp hướng đến tăng trưởng xanh,cong-nghe-game
1004,Kiếm Vũ Thiên Hành Ca quyết tâm khuấy đảo cộng đồng game thủ,cong-nghe-game
1005,Khám phá sức mạnh chơi game trên mẫu smartphone Xiaomi 14,cong-nghe-game
1006,Epson Việt Nam tặng phòng tin học cho học sinh vùng sâu vùng xa Đắk Lắk,cong-nghe-game
1007,iPhone 16 Pro với chip A18 Pro sẽ là một 'quái thú' chơi game,cong-nghe-game
1008,Hệ thống 'Presto' Apple sắp triển khai cho iPhone có gì đặc biệt,cong-nghe-game
1009,Microsoft 'bỏ quên' một tính năng của Windows suốt 30 năm,cong-nghe-game
1010,SPX xây dựng Trung tâm phân loại hàng tự động hiện đại tại Bình Dương,cong-nghe-game
1011,Resident Evil 9 sẽ là trò chơi thế giới mở?,cong-nghe-game
1012,Trung Quốc cấm CPU của Intel và AMD trong máy tính chính phủ,cong-nghe-game
1013,Baldur's Gate 3: Dấu chấm hết cho hành trình của Larian Studios,cong-nghe-game
1014,17 nhóm đi tiếp tại cuộc thi thiết kế vi mạch cho đô thị thông minh,cong-nghe-game
1015,Người hâm mộ GTA 6 đón tin buồn về thời điểm phát hành trò chơi,cong-nghe-game
1016,Loạt phụ kiện công nghệ Hyper được Hằng Đặng đem về thị trường Việt Nam,cong-nghe-game
1017,Smartphone đầu tiên dùng chip Snapdragon 7+ Gen 3 ra mắt,cong-nghe-game
1018,"Cài phần mềm dịch vụ công giả mạo, coi chừng bị mất tiền trong tài khoản",cong-nghe-game
1019,Điện thoại Samsung đầu tiên hỗ trợ cập nhật liền mạch,cong-nghe-game
1020,Epic Games Store đang tặng miễn phí 2 trò chơi hấp dẫn,cong-nghe-game
1021,Google bị yêu cầu cung cấp dữ liệu người xem YouTube,cong-nghe-game
1022,Apple có thể tăng RAM và bộ nhớ trong cho iPhone 16,cong-nghe-game
1023,Tòa án Tây Ban Nha ra phán quyết chặn Telegram,cong-nghe-game
1024,AI có thể đe dọa ngành công nghiệp sản xuất trò chơi,cong-nghe-game
1025,Mẹo giúp iPhone tự động bỏ qua xác thực CAPTCHA,cong-nghe-game
1026,Samsung muốn trở thành nhà sản xuất chip lớn nhất thế giới,cong-nghe-game
1027,Samsung tăng hỗ trợ cập nhật phần mềm lên đến 8 năm,cong-nghe-game
1028,Nên sử dụng sạc pin như thế nào để tốt cho pin iPhone?,cong-nghe-game
1029,Apple bị kiện vi phạm luật chống độc quyền,cong-nghe-game
1030,Microsoft nâng cấp khả năng sửa chữa của Surface Pro 10 và Surface Laptop 6,cong-nghe-game
1031,A. O. Smith công bố chiến lược phát triển mới tại thị trường Việt Nam,cong-nghe-game
1032,Rác thải điện tử toàn cầu đang tăng ‘chóng mặt’,cong-nghe-game
1033,4 hãng công nghệ lớn đồng loạt kiện Apple,cong-nghe-game
1034,Sony sắp tăng thời gian hỗ trợ phần mềm smartphone Xperia,cong-nghe-game
1035,"Bộ xử lý Apple M1, M2 và M3 dính lỗ hổng bảo mật không thể khắc phục",cong-nghe-game
1036,Cửa hàng trò chơi Epic Games Store sắp mở cửa trên Android,cong-nghe-game
1037,Hãng nội thất Ikea nhảy vào thị trường sạc cáp,cong-nghe-game
1038,iPhone 14 Pro Max khan hàng ở Việt Nam,cong-nghe-game
1039,Google công bố AI có thể dự đoán lũ lụt trước một tuần,cong-nghe-game
1040,Khám phá đồng hồ thông minh Xiaomi Watch S3,cong-nghe-game
1041,Tội phạm mạng đang nhắm vào các hoạt động giả mạo tài chính,cong-nghe-game
1042,Điện thoại mạnh cỡ nào để chơi được 'Call of Duty: Warzone Mobile'?,cong-nghe-game
1043,Lazada triển khai hoạt động mua sắm mừng sinh nhật,cong-nghe-game
1044,Ecovacs đưa dàn robot hút bụi tại CES 2024 về Việt Nam,cong-nghe-game
1045,"Lợi nhuận ròng năm 2023 của Xiaomi tăng vọt, đạt 2,67 tỉ USD",cong-nghe-game
1046,Nvidia công bố nền tảng công nghệ AI Project GR00T cho robot hình người,cong-nghe-game
1047,Qualcomm đưa 'AI trên thiết bị' đến smartphone tầm trung,cong-nghe-game
1048,Game 'khủng' Marvel 1943: Rise of Hydra sẽ ra mắt vào năm 2025,cong-nghe-game
1049,Nhiều PC sắp 'lỗi thời' dù có RAM 16 GB,cong-nghe-game
1050,"Xuất hiện hệ điều hành game 'mới toanh', cạnh tranh steamOS và Windows",cong-nghe-game
1051,Chiêu lừa đảo kiếm được nhiều tiền hơn cả ransomware,cong-nghe-game
1052,Pixel 8a sẽ có khác biệt nhỏ so với Pixel 8,cong-nghe-game
1053,Cách kiểm tra điện thoại có hỗ trợ 5G hay không,cong-nghe-game
1054,Xiaomi ra mắt smartphone đầu tiên dùng chip Snapdragon 8s Gen 3,cong-nghe-game
1055,AI mới của Google có thể chơi game 3D như người thật,cong-nghe-game
1056,"Apple phát hành iOS 17.4.1, người dùng iPhone nên cập nhật ngay",cong-nghe-game
1057,ScaleUP công bố nhận được đầu tư từ quỹ Hàn Quốc,cong-nghe-game
1058,Tính năng 'chọc ghẹo bạn bè' trở lại mạnh mẽ trên Facebook,cong-nghe-game
1059,Mẹo Copy/Paste văn bản giữa iPhone và PC,cong-nghe-game
1060,Find My 'báo hại' cảnh sát Mỹ,cong-nghe-game
1061,"GPT-5 sắp ra mắt, tốt hơn đáng kể so với GPT-4",cong-nghe-game
1062,Lenovo ra mắt loạt laptop chuyên nghiệp ThinkPad L và X thế hệ mới,cong-nghe-game
1063,Khám phá smartphone tầm trung Samsung Galaxy A55 5G,cong-nghe-game
1064,Mỹ sắp 'bóp nghẹt' mạng lưới cung cấp chip bí mật của Huawei,cong-nghe-game
1065,Các website dùng WordPress cần xóa 2 plugin này,cong-nghe-game
1066,Lenovo trình làng máy tính bảng Tab M11 hỗ trợ học tập,cong-nghe-game
1067,Chia sẻ game trên Steam dễ dàng hơn với ‘Steam Families’,cong-nghe-game
1068,Nvidia làm cho con người kỹ thuật số trở nên thực tế hơn,cong-nghe-game
1069,Đơn vị tư vấn công nghệ Kyanon Digital mở văn phòng tại Hà Nội,cong-nghe-game
1070,Một giải đấu Apex Legends bị hoãn vô thời hạn do tin tặc tấn công,cong-nghe-game
1071,Khai trương phòng thí nghiệm sử dụng kính hiển vi đồng tiêu cao cấp,cong-nghe-game
1072,Dreame khai trương cửa hàng bán lẻ chính hãng tại Việt Nam,cong-nghe-game
1073,Apple tung quảng cáo khoe dung lượng lưu trữ trên iPhone 15,cong-nghe-game
1074,Gia tăng trải nghiệm người mua giúp mang đến nhiều cơ hội hơn cho người bán,cong-nghe-game
1075,"Microsoft Office 2024 sẽ hoạt động 'không đăng ký, chạy offline'",cong-nghe-game
1076,Kiện nhà mạng vì cho rằng sóng 5G gây hại tới sức khỏe,cong-nghe-game
1077,Asus ra mắt bộ đôi laptop ROG Zephyrus G14/ G16 mạnh mẽ dành cho game thủ,cong-nghe-game
1078,Keysight hỗ trợ triển khai các đổi mới sáng tạo về Massive MIMO cho Open RAN,cong-nghe-game
1079,Thu hồi giấy phép 30 doanh nghiệp bưu chính vi phạm,cong-nghe-game
1080,Esports World Cup hợp tác cùng Sony,cong-nghe-game
1081,Apple được chờ đợi đột phá trong lĩnh vực AI,cong-nghe-game
1082,Apple phát triển màn hình chống chói cho iPhone 17,cong-nghe-game
1083,ROG Nebula OLED: Tiêu chuẩn mới của laptop gaming 2024,cong-nghe-game
1084,Bản cập nhật iOS 17.4 khiến bàn phím iPhone 'nổi loạn',cong-nghe-game
1085,Xiaomi ra mắt vòng đeo tay thông minh Smart Band 8 Pro,cong-nghe-game
1086,AQUA Việt Nam hợp tác chiến lược với PSD,cong-nghe-game
1087,Thanh toán số tại Việt Nam tăng trưởng mạnh,cong-nghe-game
1088,Thêm một nhà mạng đấu giá thành công băng tần 5G,cong-nghe-game
1089,Mỹ hợp lực EU kìm hãm chip trưởng thành từ Trung Quốc,cong-nghe-game
1090,Tỉ phú Bill Gates 'ghen tị' với Steve Jobs điều gì?,cong-nghe-game
1091,"Bất chấp lệnh cấm, đầu tư tiền số tại Trung Quốc vẫn tăng trưởng",cong-nghe-game
1092,Apple sắp ra mắt phiên bản AirPods tầm trung,cong-nghe-game
1093,Sony tạm ngừng sản xuất kính PSVR2,cong-nghe-game
1094,Cảnh giác chiêu mạo danh 'Cục an ninh mạng' lấy lại tiền bị lừa,cong-nghe-game
1095,Dịch vụ điện toán đám mây đạt hơn 1.200 triệu USD vào năm 2030,cong-nghe-game
1096,"Xiaomi Watch S3 ra mắt, pin dùng 15 ngày",cong-nghe-game
1097,Các chatbot AI dễ bị tấn công bởi hình ảnh ASCII,cong-nghe-game
1098,Shark Bình: Sàn thương mại điện tử phải 'vặt lông vịt' để kiếm lời,cong-nghe-game
1099,Trò chơi điện tử sắp cập bến nền tảng LinkedIn,cong-nghe-game
1100,Spotify thử nghiệm hỗ trợ video âm nhạc,cong-nghe-game
1101,VIRESA công bố giải Vũ đạo thể thao giải trí đa môn,cong-nghe-game
1102,"Ứng dụng thiết bị IoT tìm điểm rò rỉ nước, tránh đào đường",cong-nghe-game
1103,Máy tính gặp sự cố nghiêm trọng sau khi cập nhật Windows 11,cong-nghe-game
1104,SoundMax ra mắt loa di động AT-100 thiết kế giống đồng hồ để bàn,cong-nghe-game
1105,Miếng bảo vệ màn hình iPhone có còn cần thiết?,cong-nghe-game
1106,PS5 Pro sẽ nhanh gấp 3 lần PS5 khi ra mắt vào cuối năm nay,cong-nghe-game
1107,Quảng cáo Bing ngay trong Chrome gây khó chịu cho người dùng,cong-nghe-game
1108,Bitcoin 'halving' sẽ ảnh hưởng thế nào đến giới tiền số?,cong-nghe-game
1109,"Samsung mở bán Galaxy A55 5G và A35 5G, giá từ 8,3 triệu đồng",cong-nghe-game
1110,Epson trình diễn các dòng máy chiếu đa năng mới tại Việt Nam,cong-nghe-game
1111,Nhà phát triển game Palworld đã sẵn sàng 'bán mình',cong-nghe-game
1112,Những cách sửa chữa iPhone phổ biến nhất,cong-nghe-game
1113,"Bộ xử lý Intel gặp lỗ hổng, giảm 10% hiệu suất để vá lỗi",cong-nghe-game
1114,CEO Epic chỉ trích gay gắt các lãnh đạo của Steam vì 'ăn' hoa hồng quá cao,cong-nghe-game
1115,iPhone trong tương lai sẽ có thiết kế thay đổi hoàn toàn,cong-nghe-game
1116,Tại sao smartphone không cần quạt tản nhiệt dù mạnh mẽ như PC?,cong-nghe-game
1117,Có nên khởi động lại iPhone thường xuyên?,cong-nghe-game
1118,Chrome có thể phát hiện trang web độc hại theo thời gian thực,cong-nghe-game
1119,Microsoft ra mắt Copilot Pro bản dùng thử một tháng,cong-nghe-game
1120,Android 15 có thể tìm điện thoại bị mất dù đã tắt nguồn,cong-nghe-game
1121,Adobe đang 'run sợ' trước các công ty startup về AI,cong-nghe-game
1122,Tốc độ tăng trưởng của AI bị kìm hãm vì lý do nào?,cong-nghe-game
1123,Đột phá giúp PC cũ chạy nhanh hơn,cong-nghe-game
1124,Những sự cố phổ biến nhất của iPhone,cong-nghe-game
1125,Trình duyệt web nào được chọn nhiều nhất để thay thế Safari ở EU?,cong-nghe-game
1126,Apple lặng lẽ mua lại startup trí tuệ nhân tạo DarwinAI,cong-nghe-game
1127,"Doanh số iPhone sụt giảm, Apple quyết chi đậm tại Trung Quốc",cong-nghe-game
1128,Intel Core i9-14900KS được ép xung lên mức kỷ lục,cong-nghe-game
1129,3 nhà phát triển game di động Việt Nam được Google chọn đào tạo tại IGA 2024,cong-nghe-game
1130,MacBook Air M3 dễ tháo rời nhưng khó lắp lại,cong-nghe-game
1131,NTT e-Asia và AWING hợp tác phát triển công nghệ tại Việt Nam,cong-nghe-game
1132,J&T Express Việt Nam triển khai chương trình tặng vàng cho khách hàng,cong-nghe-game
1133,Giới đào tiền ảo ráo riết săn lùng CPU Ryzen của AMD,cong-nghe-game
1134,Giải đấu 2024 của Battle Teams 2: Con đường trở thành tuyển thủ chuyên nghiệp ,cong-nghe-game
1135,Microsoft khắc phục 61 lỗ hổng trong bản cập nhật Windows mới nhất,cong-nghe-game
1136,Asus ra mắt ZenFone 11 Ultra gợi nhớ đến ROG Phone 8,cong-nghe-game
1137,'Black Myth: Wukong' sẽ hỗ trợ hai tính năng đồ họa cực đỉnh,cong-nghe-game
1138,iPhone SE 4 sẽ sớm mất giá dù thiết kế cải tiến?,cong-nghe-game
1139,Xiaomi ra mắt đồng hồ thông minh Watch 2,cong-nghe-game
1140,Chip Wi-Fi 3D giúp cách mạng hóa kết nối không dây,cong-nghe-game
1141,Microsoft sắp phát hành AI giúp chống lại tin tặc,cong-nghe-game
1142,Lenovo ra mắt hệ sinh thái gaming Legion tích hợp tính năng AI cho game thủ,cong-nghe-game
1143,Ngành kho hàng tăng cường áp dụng công nghệ RFID,cong-nghe-game
1144,Trailer Spider-Man bị rò rỉ đã hé lộ một trò chơi bí mật,cong-nghe-game
1145,Apple bắt đầu lắp ráp iPhone 15 tại Brazil,cong-nghe-game
1146,Ông Donald Trump từng muốn bán mạng xã hội Truth cho tỉ phú Elon Musk,cong-nghe-game
1147,Microsoft thêm GPT-4 Turbo vào phiên bản Copilot miễn phí,cong-nghe-game
1148,Những điểm nhấn trên smartphone Xiaomi 14,cong-nghe-game
1149,Honor X7b chính thức mở bán tại Việt Nam,cong-nghe-game
1150,Garmin ra mắt dòng đồng hồ nhỏ gọn Lily 2,cong-nghe-game
1151,Ông chủ cũ của Activision Blizzard muốn thâu tóm TikTok,cong-nghe-game
1152,Con đường đầy chông gai của Fortnite để trở lại iPhone,cong-nghe-game
1153,Smartphone Android dùng chip Snapdragon 8 Gen 4 sẽ vượt iPhone 16,cong-nghe-game
1154,Thương hiệu thiết bị game Machenike chính thức xuất hiện Việt Nam,cong-nghe-game
1155,Oppo Find X7 Ultra lên đỉnh bảng xếp hạng DxOMark,cong-nghe-game
1156,AI là 'đồng minh' nhưng cũng nhiều rủi ro thông tin,cong-nghe-game
1157,Phát hiện lỗ hổng bảo mật trong đồ chơi thông minh của trẻ nhỏ,cong-nghe-game
1158,Apple có thể gây thất vọng với chip A18 Pro,cong-nghe-game
1159,"Smartphone cao cấp Xiaomi 14 ra mắt, giá từ 22,99 triệu đồng",cong-nghe-game
1160,NVIDIA bị nhiều nhà văn kiện vì vi phạm bản quyền,cong-nghe-game
1161,Samsung muốn quay trở lại thiết kế cũ cho Galaxy Watch,cong-nghe-game
1162,Steve Jobs từng muốn iPhone có thiết kế giống điện thoại Samsung,cong-nghe-game
1163,Trải nghiệm 'sức mạnh' của GeForce RTX 4080 SUPER qua bản cập nhật Driver mới nhất,cong-nghe-game
1164,Rủi ro khi sử dụng tiện ích mở rộng trên trình duyệt,cong-nghe-game
1165,Các yếu tố giúp Samsung duy trì vị trí dẫn đầu trên thị trường bộ nhớ flash,cong-nghe-game
1166,MSI đem mẫu máy chơi game cầm tay Claw về Việt Nam,cong-nghe-game
1167,Apple lần đầu cho phép người dùng tải ứng dụng qua web,cong-nghe-game
1168,TikTok sắp ra mắt mạng xã hội đối đầu với Instagram,cong-nghe-game
1169,Keysight xác minh sản phẩm hệ thống SoC 5G NR cho kết nối V2X của Autotalk,cong-nghe-game
1170,Alibaba.com giới thiệu công cụ Smart Assistant tích hợp Al,cong-nghe-game
1171,"Chiến Địa không cần beta test, chốt luôn ngày phát hành",cong-nghe-game
1172,Sony bác bỏ tin đồn rút khỏi thị trường smartphone Trung Quốc,cong-nghe-game
1173,Steam Deck bị ‘cháy’ màn hình OLED vì hiển thị nội dung HDR,cong-nghe-game
1174,Quy định mới của Apple tại châu Âu gây khó cho nhà phát triển,cong-nghe-game
1175,Sapo hợp tác Gojek cung cấp giải pháp quản lý bán hàng đa kênh,cong-nghe-game
1176,Tạo tài khoản Facebook đi lừa đảo 'dễ như ăn kẹo',cong-nghe-game
1177,Một trình giả lập khác sắp ngừng hoạt động vì ‘sợ’ Nintendo,cong-nghe-game
1178,Ấn tượng ý tưởng iOS 18 tích hợp AI,cong-nghe-game
1179,AirPods Pro sẽ có chế độ trợ thính mới trên iOS 18,cong-nghe-game
1180,xAI của tỉ phú Elon Musk sẽ có mã nguồn mở,cong-nghe-game
1181,Hộ nghèo được hỗ trợ để phổ cập smartphone,cong-nghe-game
1182,GTA 6 xuất hiện chính thức trên trang chủ của Rockstar Games,cong-nghe-game
1183,App Store vinh danh cha đẻ của '7 viên ngọc rồng',cong-nghe-game
1184,"Meta được yêu cầu ngăn chặn lừa đảo đánh cắp tài khoản Facebook, Instagram",cong-nghe-game
1185,Qualcomm sắp giới thiệu loạt chip mới,cong-nghe-game
1186,Ninety Eight giới thiệu smartphone tích hợp ví blockchain đầu tiên tại Việt Nam,cong-nghe-game
1187,Samsung ra mắt dòng smartphone Galaxy A35 và A55,cong-nghe-game
1188,Shopee nâng thời gian trả hàng miễn phí cho người dùng,cong-nghe-game
1189,Apple từng nhắm đến thiết kế xe tự lái nào?,cong-nghe-game
1190,PC AI là gì và liệu có đáng mua?,cong-nghe-game
1191,Epic Games Store sắp tặng miễn phí hai trò chơi mới,cong-nghe-game
1192,Mẹo chụp màn hình ít người biết trên iPhone,cong-nghe-game
1193,Microsoft cho phép người dùng Windows 11 gỡ OneDrive,cong-nghe-game
1194,CPU của MacBook Air bị quá nhiệt khi xử lý tác vụ nặng,cong-nghe-game
1195,Phần tiếp theo của 'Super Mario Bros. Movie' sẽ ra mắt năm 2026,cong-nghe-game
1196,MacBook Air M3 cơ sở cải thiện tốc độ SSD,cong-nghe-game
1197,Nhà sản xuất RAM CXMT là mục tiêu trừng phạt tiếp theo của Mỹ,cong-nghe-game
1198,5 thiết kế không thay đổi sau nhiều năm,cong-nghe-game
1199,Apple ngừng sản xuất MacBook Air M1,cong-nghe-game
1200,"Huawei, SMIC sử dụng công nghệ Mỹ sản xuất chip tiên tiến",cong-nghe-game
1201,iOS 17.4 bị tố khiến pin iPhone nhanh cạn kiệt,cong-nghe-game
1202,Tây Ban Nha cấm dự án quả cầu 'quét mắt' của CEO OpenAI,cong-nghe-game
1203,Những thói quen dùng smartphone không nên bỏ qua,cong-nghe-game
1204,Apple khôi phục tài khoản nhà phát triển của Epic Games,cong-nghe-game
1205,Top 10 game online trên PC đáng chơi nhất trong năm 2024,cong-nghe-game
1206,Sẽ có 5G thương mại trong năm 2024?,cong-nghe-game
1207,Apple sắp có máy tính xách tay màn hình gập 20 inch?,cong-nghe-game
1208,Final Fantasy 14 cuối cùng cũng ra mắt trên Xbox,cong-nghe-game
1209,Liên Quân Mobile năm thứ 8: Game thủ mùa Tết vẫn ồ ạt,cong-nghe-game
1210,Rộ tin đồn về trò chơi God of War bí mật đang được phát triển,cong-nghe-game
1211,"Apple chặn tài khoản nhà phát triển Epic Games, EC sẽ 'không để yên'",cong-nghe-game
1212,Viettel đấu giá thành công băng tần 5G,cong-nghe-game
1213,Cựu kỹ sư Google bị truy tố vì đánh cắp bí mật AI gửi về Trung Quốc,cong-nghe-game
1214,Sideloading có lôi kéo người mua iPhone thay vì Android?,cong-nghe-game
1215,Nikon thâu tóm nhà sản xuất máy quay phim cao cấp RED,cong-nghe-game
1216,Revela - công cụ dịch ngược mã nguồn Web3,cong-nghe-game
1217,Meta sẽ sử dụng AI để giới thiệu video cho người dùng Facebook,cong-nghe-game
1218,Trung tâm Nghiên cứu Triển khai Khu Công nghệ cao tròn 20 năm thành lập,cong-nghe-game
1219,Người dùng Facebook Việt Nam đang là mục tiêu của chiến dịch độc hại 'Snake',cong-nghe-game
1220,Intel chốt thời điểm ra mắt CPU Arrow Lake,cong-nghe-game
1221,"Oppo ra mắt dòng smartphone Reno11 F 5G, giá từ 9 triệu đồng",cong-nghe-game
1222,Apple sẽ giúp chuyển đổi từ iPhone sang Android dễ dàng hơn,cong-nghe-game
1223,Trò chơi Hades sẽ có mặt trên iOS trong tháng 3,cong-nghe-game
1224,Microsoft công bố tổ chức sự kiện ngày 21.3 với nhiều tin tức thú vị,cong-nghe-game
1225,Thương hiệu card đồ họa chơi game INNO3D công bố nhà phân phối mới,cong-nghe-game
1226,"Tin tặc đánh cắp hơn 4,3 triệu USD thông qua app tiền số giả",cong-nghe-game
1227,Những món quà công nghệ thú vị 'tặng nàng' ngày 8.3,cong-nghe-game
1228,Doanh số iPhone giảm mạnh 24% tại Trung Quốc,cong-nghe-game
1229,4 lỗ hổng bảo mật nghiêm trọng nếu không cập nhật lên iOS 17.4,cong-nghe-game
1230,OpenAI tung đòn 'phản pháo' đơn kiện của tỉ phú Elon Musk,cong-nghe-game
1231,Các tính năng AI tràn ngập smartphone có gây lo ngại?,cong-nghe-game
1232,Apple điều chỉnh giá chương trình 'thu cũ đổi mới',cong-nghe-game
1233,Nhà phát triển Helldivers 2 phủ nhận bị PlayStation thâu tóm,cong-nghe-game
1234,LockBit tấn công các máy chủ Windows Domain tại Việt Nam,cong-nghe-game
1235,Ứng dụng Android sẽ không còn hoạt động trên Windows 11,cong-nghe-game
1236,Razer ra mắt dòng micro Seiren V3 Chroma và Seiren V3 Mini mới cho game thủ,cong-nghe-game
1237,Doanh nghiệp Việt gia nhập làn sóng toàn cầu về xác thực không mật khẩu,cong-nghe-game
1238,MediaTek là nhà cung cấp chip di động lớn nhất thế giới,cong-nghe-game
1239,Google bắt đầu xóa nội dung rác khỏi kết quả tìm kiếm,cong-nghe-game
1240,Apple mở trung tâm phát triển đầu tiên ở Đông Nam Á,cong-nghe-game
1241,Instagram bắt đầu cho chỉnh sửa tin nhắn đã gửi,cong-nghe-game
1242,4 dự báo công nghệ và triển vọng về AI tại Việt Nam,cong-nghe-game
1243,"3 nhóm hacker tuyên bố đánh sập Facebook, Instagram",cong-nghe-game
1244,Bộ TT-TT nói về 'sự cố' Facebook,cong-nghe-game
1245,Facebook và những lần 'sập mạng' đáng quên,cong-nghe-game
1246,Thiệt hại kinh tế khi Facebook 'sập mạng',cong-nghe-game
1247,Chuyển đổi số là 'chất xúc tác' cho hoạt động kinh doanh,cong-nghe-game
1248,"Trình giả lập Yuzu ngừng hoạt động, phải bồi thường 2,4 triệu USD cho Nintendo",cong-nghe-game
1249,Những lưu ý khi mạng xã hội bị treo và không thể đăng nhập,cong-nghe-game
1250,Grab triển khai chương trình dành cho nữ đối tác tài xế,cong-nghe-game
