id,title,genre
1,Sự cố VNDirect: Hacker tấn công lỗ hổng 'zero day',kinh-te
2,"Vượt thu hoạt động xuất nhập khẩu, Hải Phòng được Thủ tướng thưởng 926,6 tỉ đồng ",kinh-te
3,"Phát triển kinh tế nhưng Đắk Nông phải giữ rừng, giữ lá phổi cho cả nước",kinh-te
4,Chủ tịch UBND tỉnh Đắk Nông có số phiếu tín nhiệm cao nhiều nhất,kinh-te
5,Ngân hàng nào sắp chia cổ tức cho nhà đầu tư?,kinh-te
6,'Thích ứng với biến đổi khí hậu là vấn đề sống còn',kinh-te
7,Để tiết kiệm điện thành thói quen,kinh-te
8,Quảng Trị đề nghị tăng thời gian hoạt động tại cửa khẩu La Lay,kinh-te
9,"Cửa khẩu Lao Bảo, La Lay thông thoáng, hàng hóa tăng vọt",kinh-te
10,Tổng cục Thuế cảnh báo 5 thủ đoạn lừa đảo,kinh-te
11,"Giá vàng hôm nay 23.3.2024: Vàng miếng SJC giảm sốc 2,3 triệu đồng sau 2 ngày",kinh-te
12,Giá USD hôm nay 23.3.2024: Đô tự do đứng ở mức cao,kinh-te
13,Giá nhà cho thuê tăng nhiệt,kinh-te
14,Đề xuất biểu giá bán lẻ điện mới: Ai sẽ phải trả tiền điện cao hơn?,kinh-te
15,TP.HCM lên kế hoạch tăng cường quản lý thú cưng,kinh-te
16,Mưu sinh trong nắng nóng gay gắt tại TP.HCM,kinh-te
17,"Bàn cách khai thác thế mạnh đường biển, đường thủy nội địa",kinh-te
18,Tỷ giá 'nóng hầm hập',kinh-te
19,Nghệ An đứng đầu về diện tích rừng toàn quốc,kinh-te
20,Phát động chiến dịch Giờ trái đất năm 2024,kinh-te
21,"Hà Nội lại ô nhiễm không khí nhất thế giới, HV Nông nghiệp dẫn đầu chỉ số",kinh-te
22,BIDV đang tiên phong xây dựng hệ sinh thái Xanh như thế nào?,kinh-te
23,Doanh nghiệp vi phạm công bố thông tin không được tham gia chọn Báo cáo thường niên,kinh-te
24,Vì sao có thế mạnh 'trời cho' mà vận tải thủy vẫn lẹt đẹt xếp chót?,kinh-te
25,Masteri West Heights đạt Top 5 dự án đô thị và nhà ở chất lượng nhất,kinh-te
26,169 nhà thầu bị 'cấm cửa' vì đào đường nhếch nhác còn chây ỳ đóng phạt,kinh-te
27,Hơn 2.000 tỉ đồng cải tạo đường sắt khu vực đèo ở Quảng Bình,kinh-te
28,Mong sớm có đường sắt cao tốc Bắc - Nam,kinh-te
29,Vay vốn siêu ưu đãi với lãi suất chỉ từ 3% tại Sacombank,kinh-te
30,Giá USD hôm nay 22.3.2024: Ngân hàng tăng lên 25.000 đồng,kinh-te
31,"Giá vàng hôm nay 22.3.2024: 'Bốc hơi' 1,2 triệu đồng trong ngỡ ngàng",kinh-te
32,Tiết kiệm điện mùa nắng nóng: Cần sự chung tay của khách hàng,kinh-te
33,"Tổng hòa các chiến lược, PNJ đạt lợi nhuận 550 tỉ đồng sau 2 tháng đầu năm",kinh-te
34,Thị trường vàng nổi sóng trước giờ G,kinh-te
35,'Cơn bão thép' Trung Quốc đe dọa thép nội,kinh-te
36,Đề xuất biểu giá bán lẻ điện mới,kinh-te
37,"Dùng 700 số điện trở lên, sẽ áp giá cao nhất 3.600 đồng/kWh",kinh-te
38,"Hãng bay nợ ACV hàng nghìn tỉ nhưng chậm trả, Cục Hàng không ra khuyến cáo",kinh-te
39,70.555 chủ rừng hưởng lợi từ bán tín chỉ carbon,kinh-te
40,"'Thị trường bất động sản khó ở khâu cấp phép, không ai dám ký'",kinh-te
41,"Ngành thuế, công thương nhiều nơi 'thúc' cửa hàng xăng dầu xuất hóa đơn điện tử",kinh-te
42, Phát triển nông nghiệp thuận thiên ở ĐBSCL,kinh-te
43,SCIC đấu giá trọn lô cổ phần Savina với giá trị khởi điểm hơn 106 tỉ,kinh-te
44,Khánh Hòa - Indonesia tìm cơ hội hợp tác phát triển trên nhiều lĩnh vực,kinh-te
45,"Gần 34.000 tỉ đồng giao dịch chứng khoán, cổ phiếu bất động sản nổi sóng",kinh-te
46,Giá xăng dầu đồng loạt tăng từ 15 giờ chiều nay 21.3,kinh-te
47,"VinHMS, công ty con của VinGroup mở rộng hoạt động sang Campuchia",kinh-te
48,Giá vàng miếng SJC 'bay' gần 1 triệu đồng/lượng,kinh-te
49,"Yêu cầu Pacific Airlines trả slot, hoàn tiền vé cho hành khách",kinh-te
50,"Dùng 700 số điện trở lên, sẽ áp giá cao nhất 3.600 đồng/kWh",kinh-te
51,Còn hơn 5.100 cửa hàng xăng dầu chưa xuất hóa đơn điện tử từng lần,kinh-te
52,Nhà đầu tư ngoại có thể không cần ký quỹ khi mua chứng khoán,kinh-te
53,Giá USD hôm nay 21.3.2024: Áp sát mốc 25.000 đồng,kinh-te
54,"Rà soát cá nhân đứng tên 4 SIM, được không?",kinh-te
55,5 đề xuất hợp tác nông nghiệp Việt Nam - Hà Lan,kinh-te
56,375 triệu USD thúc đẩy sản xuất lúa carbon thấp tại ĐBSCL,kinh-te
57,"Thứ trưởng Bộ NN-PTNT lý giải một số mã sầu riêng, chuối bị tạm dừng xuất khẩu",kinh-te
58,Thái Nguyên đầu tư khu công nghiệp gần 4.000 tỉ đồng,kinh-te
59,"Đóng tài khoản, thẻ tín dụng ngân hàng trả phí bao nhiêu?",kinh-te
60,Doanh nghiệp ngoại chần chừ đầu tư vì lo thiếu điện,kinh-te
61,"Ngân hàng Nhà nước hút ròng 100.000 tỉ đồng, lãi suất vẫn giảm",kinh-te
62,"Lãi suất cho vay sản xuất kinh doanh, mua nhà, ô tô… từ 5%/năm",kinh-te
63,Bộ Công thương giám sát nhiều nhà máy nhiệt điện,kinh-te
64,Gỡ khó cho tuyến giao thông huyết mạch Ninh Thuận - Lâm Đồng,kinh-te
65,Chưa tăng giá dịch vụ tại 2 cảng tàu du lịch Hạ Long,kinh-te
66,Nắng nóng gay gắt 38 độ C khi nào hạ nhiệt?,kinh-te
67,FE CREDIT nỗ lực khẳng định vị thế hàng đầu thị trường cho vay mua xe máy,kinh-te
68,Giá vàng hôm nay 19.3.2024: Vàng miếng SJC tăng sát mức 82 triệu đồng/lượng,kinh-te
69,Giá USD hôm nay 19.3.2024: Thị trường tự do tăng trở lại,kinh-te
70,TP.HCM muốn áp dụng cơ chế đặc thù như Vành đai 3 cho nhiều dự án,kinh-te
71,Chuyên gia nói gì về khả năng sinh lời của đầu tư bền vững?,kinh-te
72,Tập đoàn nội thất tùy chỉnh Suofeiya bổ nhiệm giám đốc kinh doanh mới tại Việt Nam,kinh-te
73,"Gửi tiền tại ACB, doanh nghiệp được thêm ưu đãi, trúng xe sang, vàng miếng",kinh-te
74,Đề xuất cho người dân vay ưu đãi để xây nhà trọ,kinh-te
75,Pacific Airlines trả toàn bộ đội máy bay,kinh-te
76,Có nên để Pacific Airlines phá sản?,kinh-te
77,Rủi ro thiếu nước sạch đe dọa TP.HCM: Chiến lược ứng phó khủng hoảng nước sạch,kinh-te
78,"Ma trận lãi, phí thẻ tín dụng: Nhiều người bỗng dưng mắc nợ",kinh-te
79,'Hy vọng một làn sóng đầu tư từ Mỹ đến Việt Nam và ngược lại',kinh-te
80,'Việt Nam nổi lên như một nhân tố đầy tiềm năng trong ngành bán dẫn',kinh-te
81,Lo ngại xin - cho khi thí điểm thực hiện nhà ở thương mại với đất khác,kinh-te
82,Hải Dương triển khai thủ tục đầu tư khu du lịch sinh thái gần 10.000 tỉ,kinh-te
83,Người dùng hưởng lợi gì khi nhà mạng trúng đấu giá băng tần 5G?,kinh-te
84,Thu hồi giấy phép doanh nghiệp không xuất hóa đơn bán lẻ xăng dầu từng lần,kinh-te
85,'Tồn kho' hàng chục ngàn lô đất nền ở Quảng Ngãi,kinh-te
86,"Trả toàn bộ đội máy bay, khách hàng của Pacific Airlines sẽ ra sao?",kinh-te
87,Đề nghị TP.HCM làm rõ việc lùi đích metro số 1 nhiều lần,kinh-te
88,Đề xuất cho người dân vay ưu đãi để xây nhà trọ,kinh-te
89,Bộ GTVT muốn mở rộng thí điểm cát biển thi công nền đường,kinh-te
90,Cực sốc: Một hãng hàng không Việt Nam trả toàn bộ máy bay để xóa nợ,kinh-te
91,Làm gì để xây dựng thành phố biển Nha Trang phồn vinh và hạnh phúc?,kinh-te
92,"Chính phủ hối thúc thanh, kiểm tra, giám sát chặt chẽ thị trường vàng",kinh-te
93,VN-Index bốc hơi hơn 40 điểm nhưng có hơn 30.000 tỉ đồng gom mua cổ phiếu,kinh-te
94,Kiểm tra thông tin nợ ngân hàng như thế nào?,kinh-te
95,"Nếu hết quý 2 vẫn thiếu cát, Vành đai 3 TP.HCM sẽ trượt tiến độ",kinh-te
96,"Nông dân 'vựa dưa gang' bỏ túi hàng trăm triệu nhờ trúng mùa, trúng giá",kinh-te
97,Tỉ phú Phạm Nhật Vượng thành lập công ty phát triển trạm sạc xe điện toàn cầu,kinh-te
98,"Giá USD hôm nay 18.3.2024: Đô tự do lao dốc, đầu cơ tỷ giá khóc ròng",kinh-te
99,"Giá vàng hôm nay 18.3.2024: Giảm nhẹ, người đu đỉnh lỗ nặng",kinh-te
100,Eco Central Park giành giải thưởng Khu đô thị và nhà ở chất lượng nhất năm,kinh-te
101,Heo lậu lại tràn về?,kinh-te
102,Rủi ro thiếu nước sạch đe dọa TP.HCM,kinh-te
103,"Ma trận lãi, phí thẻ tín dụng",kinh-te
104,Lãi suất tiết kiệm tiếp tục giảm,kinh-te
105,Những ách tắc khiến làm nhà ở xã hội 'khó gấp đôi',kinh-te
106,Học lái xe sẽ có thêm phần kỹ năng đi trên cao tốc phân kỳ,kinh-te
107,Chi phí tăng gấp 3 nếu cấm xe tải 3 đường cửa ngõ Tân Sơn Nhất,kinh-te
108,"Nước sông Mekong về ít, ĐBSCL sắp đón thêm đợt xâm nhập mặn mới",kinh-te
109,"Hành tím Vĩnh Châu thu hoạch rộ, nông dân mừng vì trúng mùa",kinh-te
110,Nông dân trồng đậu nành giống mới trúng mùa trúng giá,kinh-te
111,Giá USD hôm nay 17.3.2024: Tăng cao suốt tuần trong khi euro sụt giảm,kinh-te
112,Giá vàng hôm nay 17.3.2024: Người mua vàng nhẫn sau một tuần lỗ 3 triệu đồng,kinh-te
113,Hành trình ra thế giới thần tốc của xe điện Việt,kinh-te
114,Khu du lịch quốc tế Dragon Ocean Đồ Sơn nhận giải Top 10 hai năm liên tiếp,kinh-te
115,'TP.HCM người thu nhập 11 triệu đồng/tháng sao mua được nhà',kinh-te
116,Long An đẩy nhanh tối đa tiến độ dự án đường Vành đai 3 TP.HCM,kinh-te
117,Người thu nhập thấp cần chỗ ở hay cần sở hữu nhà?,kinh-te
118,Lãi suất cho vay mua nhà ở xã hội vẫn cao,kinh-te
119,Nhiều doanh nghiệp bất ngờ thay lãnh đạo trước thềm Đại hội cổ đông 2024,kinh-te
120,Quận nào sẽ bị cúp nước ngay chiều nay?,kinh-te
121,Giá USD hôm nay 16.3.2024: Thị trường tự do tiếp tục tăng cao,kinh-te
122,"Giá vàng hôm nay 16.3.2024: Bán vàng SJC rẻ hơn mua tới 2,5 triệu đồng một lượng",kinh-te
123,Tổng cục Thuế lưu ý đặc biệt về quyết toán thuế thu nhập cá nhân 2023,kinh-te
124,"Có nên cấm xe tải, xe khách trên cao tốc Cam Lộ - La Sơn?",kinh-te
125,Đỉnh nắng nóng năm nay có thể cao lịch sử,kinh-te
126,"Siết SIM rác có chặn được tin nhắn, cuộc gọi rác?",kinh-te
127,Hạn chế mua bán vàng miếng bằng tiền mặt,kinh-te
128,"Gần 80 triệu USD hỗ trợ Quảng Nam, Quảng Trị thích ứng biến đổi khí hậu",kinh-te
129,"Ngành đồ uống sụt giảm mạnh doanh thu, lợi nhuận",kinh-te
130,Ngân hàng Nhà nước hút tiền ngày thứ 5 liên tiếp nhưng USD vẫn tăng,kinh-te
131,'Từ ý tưởng đến hiện thực' về khu kinh tế xuyên biên giới Việt - Lào,kinh-te
132,Kiến nghị đầu tư 2 tuyến cao tốc nối nhau dọc Tây nguyên,kinh-te
133,VinFast tiến sang châu Phi,kinh-te
134,"‘Bạn làm việc chăm chỉ, sao để tiền thảnh thơi?’",kinh-te
135,Thông tin minh bạch để bảo vệ quyền của người tiêu dùng,kinh-te
136,Kiến nghị đầu tư 2 tuyến cao tốc nối nhau dọc Tây nguyên,kinh-te
137,Mạnh tay siết quản lý SIM 'rác',kinh-te
138,VinFast chinh phục Thái Lan - thị trường xe điện hàng đầu Đông Nam Á,kinh-te
139,Khách Tây thích thú tự tay tráng bánh phở tại Festival Phở 2024,kinh-te
140,"Đề xuất mua nhà thương mại dưới 3,5 tỉ được vay gói 120.000 tỉ đồng",kinh-te
141,'Thành phố đảo Hoàng Gia' của Vinhomes: Sở hữu bãi tắm nước biển riêng ngay sau nhà,kinh-te
142,Tổng công ty Tân Cảng Sài Gòn nhận danh hiệu Anh hùng Lao động lần 2,kinh-te
143,"Hạn chế tối đa vốn ngân sách làm siêu cảng Cần Giờ 5,5 tỉ USD",kinh-te
144,"Rà soát 'đại gia' xăng dầu, Bộ Tài chính sẽ báo cáo Thanh tra Chính phủ điều gì?",kinh-te
145,"Nợ thuế quá hạn, Công ty HUDIC bị cưỡng chế thuế hơn 270 tỉ đồng",kinh-te
146,Vì sao người dân TP.HCM lại bị 'delay' thời điểm trải nghiệm metro số 1?,kinh-te
147,Đề xuất hạn chế thanh toán mua bán vàng miếng bằng tiền mặt,kinh-te
148,"Vay tiêu dùng với lãi suất siêu thấp tại ACB, chỉ từ 0,6%/tháng",kinh-te
149,Những ngân hàng đầu tiên công bố lãi suất cho vay,kinh-te
150,Giá USD hôm nay 15.3.2024: Đô la Mỹ tự do tăng,kinh-te
151,"Giá vàng hôm nay 15.3.2024: Thế giới giảm, SJC tăng 400.000 đồng một lượng",kinh-te
152,Mua nhà gần trường để con rèn tự lập ,kinh-te
153,Vingroup nhận giải thưởng Công nghệ bền vững ASEAN 2023,kinh-te
154,"Thiếu điện, nhưng lãng phí điện",kinh-te
155,"Giải bài toán khó 'thừa tiền, khát vốn'",kinh-te
156,Nhiều lý do chủ thẻ thành con nợ,kinh-te
157,"Người dân lo ô nhiễm, chính quyền đối thoại trực tiếp",kinh-te
158,Ra mắt bộ đôi tài khoản thanh toán Techcombank và tài khoản chứng khoán TCBS,kinh-te
159,"'Năm 2023 các hãng hàng không có 223 máy bay, nay chỉ còn 173 chiếc'",kinh-te
160,"Bị ế, khoản nợ hai doanh nghiệp liên quan Tân Hoàng Minh được rao bán lần 7",kinh-te
161,Gần 2.000 công nhân làm ngày đêm kéo tiến độ nhà ga T3 Tân Sơn Nhất,kinh-te
162,4 hiệp hội kiến nghị kiểm soát nhập sản phẩm chăn nuôi,kinh-te
163,Metro số 1 lại lùi tiến độ,kinh-te
164,"Nhiều cổ phiếu tăng trần liên tục, doanh nghiệp giải trình 'không biết nguyên nhân'",kinh-te
165,"Lo miền Bắc thiếu điện, thủy điện phải giữ nước tối đa",kinh-te
166,"Tranh chấp tại tòa nhà Victory Tower, khách hàng trở thành 'con tin'",kinh-te
167,"Giá USD hôm nay 14.3.2024: Thị trường tự do giảm, ngân hàng tăng",kinh-te
168,"Giá vàng hôm nay 14.3.2024: 'Bốc hơi' 1,5 triệu đồng từ đỉnh cao",kinh-te
169,Tham vấn phương án kiến trúc công trình trên 'đất vàng' gần quảng trường Ba Đình,kinh-te
170,"Cùng Co.opmart, Co.opXtra hướng đến lối sống xanh",kinh-te
171,Vàng và USD cùng 'nhảy múa',kinh-te
172,Giải pháp nào cho tình trạng thiếu nhân viên đăng kiểm?,kinh-te
173,"Cấm tài sản ảo không khả thi, có thể quản lý Bitcoin tương tự USD?",kinh-te
174,44 dự án bất động sản tại TP.HCM được tháo gỡ khó khăn,kinh-te
175,"Dòng tiền vào ồ ạt, VN-Index bứt phá lên 1.270 điểm",kinh-te
176,Yêu cầu ngân hàng công khai lãi suất cho vay từ ngày 1.4,kinh-te
177,PVcomBank đẩy mạnh cung cấp các giải pháp tài chính trong ngành điện lực,kinh-te
178,"Vàng đột ngột giảm hơn 1 triệu đồng/lượng, những người đu đỉnh khóc ròng",kinh-te
179,"Triều cường vượt báo động 3, một số nơi ở Nam bộ tiếp tục ngập sâu",kinh-te
180,Tăng trưởng tín dụng tại TP.HCM vẫn âm,kinh-te
181,Giải mã sức bật của Techcombank năm 2024,kinh-te
182,"Đi qua đỉnh nhiệt, Nam bộ vẫn nắng nóng diện rộng",kinh-te
183,Giá USD hôm nay 13.3.2024: Đô tự do lao dốc,kinh-te
184,"Giá vàng hôm nay 13.3.2024: Thế giới giảm sâu, trong nước neo cao nhất lịch sử",kinh-te
185,Cân nhắc 'nới' quyền tăng giá điện cho EVN,kinh-te
186,"Hạn mặn bất thường, nhiều nơi thiếu nước ngọt",kinh-te
187,Thúc tiến độ những công trình chống ùn tắc khu nam TP.HCM,kinh-te
188,"Nhà đầu tư Trung Quốc sẵn sàng mua đứt doanh nghiệp Việt có đơn hàng đi Mỹ, EU",kinh-te
189,Cơ hội tăng cường quan hệ thương mại Việt - Mỹ,kinh-te
190,Bình Phước thu hút 'sếu đầu đàn' bằng nền tảng '4 tốt',kinh-te
191,Nông nghiệp vượt “cơn gió ngược”,kinh-te
192,"Bắt thêm 63 người, Trung tâm đăng kiểm tại TP.HCM có ùn tắc?",kinh-te
193,"Ngân hàng Nhà nước tiếp tục hút tiền, lãi suất tiết kiệm đi xuống",kinh-te
194,Loạt ‘ông lớn’ mòn mỏi chờ cơ chế mua bán điện tái tạo trực tiếp,kinh-te
195,Thực hư chuyện nhân viên phòng công chứng làm không có thời gian đi ăn cơm,kinh-te
196,Lấy ý kiến bỏ quy định phong tỏa vốn vay tại Thông tư 06/2023,kinh-te
197,Bí thư Nguyễn Văn Nên đội nắng thực địa 2 công trình trọng điểm phía nam,kinh-te
198,Chỉ hơn 52% cửa hàng bán lẻ xăng dầu thực hiện hóa đơn điện tử từng lần,kinh-te
199,"Kết nối với TP.HCM, cơ hội nào cho bất động sản ở vùng phụ cận?",kinh-te
200,Cận cảnh cây cầu dài nhất trên cao tốc Bắc - Nam trước ngày hợp long,kinh-te
201,Đào tạo 25 giảng viên nguồn đầu tiên về vi mạch bán dẫn cho Đà Nẵng,giao-duc
202,Hà Nội cấm thu tiền 'đặt cọc giữ chỗ' trong tuyển sinh đầu cấp,giao-duc
203,Bắt nghi phạm dán ảnh bêu xấu nữ sinh viên trước KTX để đòi nợ người nhà,giao-duc
204,21 học sinh ở Trà Vinh ngộ độc do hít khí từ 'bóng thối',giao-duc
205,Đề tham khảo thi tốt nghiệp THPT 2024: Xuất hiện câu hỏi thực tế,giao-duc
206,Đà Nẵng: Nhiều học sinh vùng nông thôn trả lại điện thoại cho người đánh rơi,giao-duc
207,Đà Nẵng: Sẵn sàng tổ chức Đại hội thể thao học sinh Đông Nam Á,giao-duc
208,Đà Nẵng sẵn sàng đăng cai Đại hội thể thao học sinh Đông Nam Á,giao-duc
209,Ngắm vẻ đẹp tươi xanh của ngôi trường diễn ra Tư vấn mùa thi sáng mai,giao-duc
210,Bộ GD-ĐT 'chốt' thi tốt nghiệp THPT năm 2024 từ 26 - 29.6,giao-duc
211,"Phụ huynh Trường quốc tế AISVN đề nghị tiếp quản, điều hành trường, luật sư nói gì?",giao-duc
212,Bộ GD-ĐT chính thức công nhận Hội đồng trường Trường ĐH Sư phạm kỹ thuật TP.HCM,giao-duc
213,Bộ GD-ĐT công bố đề tham khảo thi tốt nghiệp THPT năm 2024,giao-duc
214,IELTS sẽ 'hạ nhiệt' khi thêm chứng chỉ quy đổi điểm thi tốt nghiệp?,giao-duc
215,Giáo sư nhận 500 triệu đồng về trường ĐH làm việc: Không dễ đạt điều kiện,giao-duc
216,Tuyển sinh 2024: Những trường quân đội nào gửi học viên du học nước ngoài?,giao-duc
217,Bất ngờ với phim tiếng Anh của học sinh tiểu học TP.HCM,giao-duc
218,"Học sinh nói tiếng Anh, làm tên lửa",giao-duc
219,Tuyển sinh 2024: 17 trường quân đội tuyển hơn 5.200 chỉ tiêu đại học,giao-duc
220,Vụ việc Trường quốc tế AISVN: 'Trường chưa có sự hợp tác',giao-duc
221,Thanh tra công tác xã hội hóa biên soạn sách giáo khoa,giao-duc
222,"Chính phủ yêu cầu sửa đổi chế độ lương, phụ cấp của nhà giáo",giao-duc
223,Thầy hiệu trưởng bị 'tố' đánh học sinh chảy máu đầu: Thực hư thế nào?,giao-duc
224,Vụ tố đánh học sinh gãy ngón tay: Hiệu trưởng báo cáo gì?,giao-duc
225,"Trường ĐH cam kết sinh viên có việc làm sau tốt nghiệp, thực hư ra sao?",giao-duc
226,Thêm nhiều trường đại học sử dụng kết quả kỳ thi V-SAT để tuyển sinh,giao-duc
227,Hải Dương thành lập trường liên cấp tư thục đầu tiên với 3 bậc học,giao-duc
228,Trang phục sinh viên thế nào là phù hợp?,giao-duc
229,Nhiều ứng dụng AI trong giáo dục được giới thiệu tại triển lãm METAEDU,giao-duc
230,"4 tỉnh miền Trung top 10 địa phương học sinh vào ĐH cao nhất, vì sao?",giao-duc
231,Nam sinh lớp 11 đạt 9.0 IELTS: 'Em rất bất ngờ',giao-duc
232,Vụ Trường quốc tế AISVN: Sở GD-ĐT TP.HCM yêu cầu  thực hiện khẩn cấp các giải pháp,giao-duc
233,Một cách hướng nghiệp mới: Cho học sinh tập làm giáo viên,giao-duc
234,"Giáo viên bị chậm tiền trợ cấp, trường nói Sở Tài chính chậm, sở nói do trường",giao-duc
235,Nghệ An bỏ phương thức xét tuyển vào lớp 10 theo chứng chỉ ngoại ngữ,giao-duc
236,Tuyển sinh lớp 10 tại TP.HCM: Có cộng điểm chứng chỉ ngoại ngữ quốc tế?,giao-duc
237,"Hướng ngoại và thích đi đây đó, học ngành công nghệ có bị 'tước' đam mê?",giao-duc
238,Chưa địa phương nào thi quá 3 môn vào lớp 10,giao-duc
239,"Học sinh nhiều nơi không 'sợ' nhà vệ sinh trường học, vì sao?",giao-duc
240,Giúp học sinh không 'né' nhà vệ sinh trường học,giao-duc
241,"Vô số cách luyện thi IELTS trên mạng, làm sao tìm được phương pháp phù hợp?",giao-duc
242,"Sợ học ngành công nghệ 'hot' dễ bị đào thải, thí sinh đi tìm câu trả lời",giao-duc
243,Giúp học sinh không 'né' nhà vệ sinh trường học,giao-duc
244,Giải quyết 'nghịch lý' trong cung - cầu nhóm ngành công nghệ,giao-duc
245,'Tuýt còi’ trường THPT thu tiền hỗ trợ thi tốt nghiệp không đúng quy định,giao-duc
246,"Đồng Tháp: Lùm xùm chuyện nhóm học sinh lớp 4 đánh, xin tiền, tụt quần bạn",giao-duc
247,Hyundai sẽ nhận sinh viên ĐH Quốc gia Hà Nội thực tập tại Hàn Quốc,giao-duc
248,TP.HCM: Phụ huynh một số trường đề xuất tăng tiền ăn bán trú lên 40.000 đồng/ngày,giao-duc
249,"Cảnh sát đến trường dạy học sinh dập lửa, thoát nạn trong hỏa hoạn",giao-duc
250,Đà Nẵng: Giúp học sinh tăng cường kỹ năng  PCCC và cứu hộ,giao-duc
251,"Hà Nội yêu cầu chấm dứt cảnh xếp hàng, chen lấn trong tuyển sinh đầu cấp",giao-duc
252,"Nhiều người học ngành công nghệ 'hot', làm sao để cạnh tranh?",giao-duc
253,"Ngành máy tính và CNTT có tỷ lệ trúng tuyển cao, vì sao?",giao-duc
254,Học sinh Trường quốc tế AISVN phải ở căn tin tự học vì không có giáo viên,giao-duc
255,Phân bổ hơn 830 tấn gạo hỗ trợ học sinh tại Kon Tum,giao-duc
256,Đề xuất tách khối THCS ra khỏi Trường THPT chuyên Trần Đại Nghĩa,giao-duc
257,Sở GD-ĐT TP.HCM đề xuất tách Trường THPT chuyên Trần Đại Nghĩa thành 2 trường,giao-duc
258,"Đề thi tốt nghiệp THPT từ năm 2025: Phân hóa hơn 
không phải sẽ khó hơn",giao-duc
259,TP.HCM cấm vận động và thu những khoản ngoài quy định khi tuyển sinh,giao-duc
260,Hàng ngàn học sinh một trường quốc tế nghỉ học vì giáo viên không đến trường,giao-duc
261,Phụ huynh đòi nợ Trường Quốc tế Mỹ Việt Nam hàng chục tỉ đồng,giao-duc
262,Bộ GD-ĐT bàn thí điểm học bạ điện tử ở cấp tiểu học,giao-duc
263,Sở GD-ĐT TP.HCM đề xuất tách Trường THPT chuyên Trần Đại Nghĩa thành 2 trường,giao-duc
264,Đức 'rộng cửa' đón du học sinh với cơ hội nhận lương tối thiểu 80 triệu đồng/tháng,giao-duc
265,Cuộc thi ‘Vẽ tranh cùng AI’ - Thử thách cùng AI tạo sinh,giao-duc
266,Buổi trải nghiệm ngành nghề đầy sôi động,giao-duc
267,"Đủ điểm trúng tuyển nhiều ngành, có được chọn một ngành?",giao-duc
268,'Chống sốc' cho học sinh với cách ra đề thi mới,giao-duc
269,Gian hàng tư vấn mùa thi Nha Trang thu hút hàng ngàn học sinh,giao-duc
270,Vì sao IELTS không cần thiết đến khi người học 18 tuổi?,giao-duc
271,"Rộn ràng, háo hức tại ngày hội Tư vấn mùa thi ở Nha Trang",giao-duc
272,"Tuyển sinh chương trình ngoại ngữ ở lớp 1, 6, 10 tại TP.HCM trong năm học mới",giao-duc
273,"Chọn trường, ngành học cần tham khảo những yếu tố nào?",giao-duc
274,Tư vấn mùa thi ở một trong những ngôi trường có cảnh quan đẹp nhất Việt Nam,giao-duc
275,Bộ GD-ĐT nói gì về xu hướng nhiều học sinh chọn khoa học xã hội?,giao-duc
276,Nguyên tắc đầu tiên là công bằng,giao-duc
277,Giải đáp băn khoăn về học phí,giao-duc
278,Học sinh chương trình tiếng Anh tích hợp nhận chứng chỉ Pearson Edexcel với kết quả cao,giao-duc
279,Chọn được ngành học sau khi tham quan gian hàng Tư vấn mùa thi tại Bình Định,giao-duc
280,Giải đáp những băn khoăn mới nhất về tuyển sinh đại học năm 2024,giao-duc
281,Tự hào vì nhận được quà từ chương trình Tư vấn mùa thi của Báo Thanh Niên,giao-duc
282,Giải đáp những băn khoăn mới nhất về tuyển sinh đại học năm 2024,giao-duc
283,Tư vấn mùa thi ở một trong những ngôi trường có cảnh quan đẹp nhất Việt Nam,giao-duc
284,Học lớp 11 đạt từ 6.5 điểm IELTS được công nhận học sinh giỏi cấp tỉnh,giao-duc
285,Thuê 20 xe ô tô chở học sinh về Nha Trang nghe Tư vấn mùa thi,giao-duc
286,Trường chuyên là gì? Đâu là trường chuyên lâu đời nhất Việt Nam?,giao-duc
287,"Khai giảng ở trường chuyên có ngàn giải thưởng quốc gia, quốc tế",giao-duc
288,Thí sinh bắt đầu đăng ký nguyện vọng trên hệ thống của Bộ GD-ĐT từ ngày 10.7,giao-duc
289,"Thi tốt nghiệp THPT từ năm 2025: Cách tính điểm mới, 
dạy và học cũng khác",giao-duc
290,Trường ĐH đầu tiên phía nam đào tạo thạc sĩ ngành quan hệ công chúng,giao-duc
291,"Bất hợp lý danh hiệu 'cử nhân, kỹ sư thực hành'",giao-duc
292,'Chơi với toán' trong Ngày Toán học quốc tế,giao-duc
293,Chứng chỉ tiếng Anh duy nhất của Việt Nam được xét miễn thi ngoại ngữ,giao-duc
294,Xây dựng ngôi trường hy vọng cho học sinh khó khăn tại Bình Phước,giao-duc
295,Xây trường nội trú từ cấp xã cho học sinh vùng dân tộc,giao-duc
296,Vụ 'nghi bạo hành trẻ em' ở Bình Định: Đình chỉ công tác 2 cô giữ trẻ,giao-duc
297,Bình Định: Xử lý vụ cô giáo dùng bút chì chọt vào chân trẻ mầm non,giao-duc
298,Các ngành ĐH đào tạo về hàng không thu học phí mức nào?,giao-duc
299,Hướng ra đề của các kỳ thi đánh giá năng lực,giao-duc
300,"Học thêm đến 6, 7 giáo viên để thi lớp 10",giao-duc
301,Dạy tiếng Anh miễn phí cho sinh viên khối ngành kỹ thuật,giao-duc
302,Tặng học bổng toàn phần cho con gái cựu binh Gạc Ma Dương Văn Dũng,giao-duc
303,Lễ tưởng niệm Gạc Ma tại ngôi trường nằm trên đỉnh Trường Sơn,giao-duc
304,Hà Nội dự kiến thu mỗi học sinh 235.000 đồng tiền dịch vụ bán trú 1 tháng,giao-duc
305,44 trường tiểu học ở TP.HCM sắp thí điểm giáo dục kỹ năng công dân số,giao-duc
306,"Tin học quốc tế là môn gì, mức thu như thế nào?",giao-duc
307,"Có gì đặc biệt ở 2 trường ĐH tại Úc, New Zealand mà Thủ tướng ghé thăm?",giao-duc
308,"Bộ GD-ĐT 'tuýt còi', địa phương dừng tuyển thẳng lớp 10 bằng IELTS",giao-duc
309,Lớp 6 Trường THPT chuyên Trần Đại Nghĩa tuyển sinh thế nào là hợp lý?,giao-duc
310,Cùng trải nghiệm trong Ngày Toán học quốc tế 'Playing With Math',giao-duc
311,Nên làm hướng dẫn viên thu nhập 60 USD/ngày hay đầu bếp lương 15-40 triệu đồng/tháng?,giao-duc
312,"Nợ học phí 93 tỉ đồng, Anh ngữ Apax Leaders trả phụ huynh TP.HCM ra sao?",giao-duc
313,Chỉ 10% nhân lực ngành du lịch có trình độ đại học,giao-duc
314,Thứ trưởng Bộ GD-ĐT: Khuyến khích tuyển sinh đại học bằng điểm thi tốt nghiệp THPT,giao-duc
315,Thêm một bang tại Úc dừng nhận học sinh 4 tỉnh ở Việt Nam,giao-duc
316,Hơn 2.000 người dự Hội nghị và triển lãm Thành phố thông minh 2024 tại Đài Loan,giao-duc
317,Công an TP.HCM tăng cường phòng chống ma túy trong trường học,giao-duc
318,UBND TP.HCM kiến nghị Bộ GD-ĐT về tuyển sinh lớp 6 Trường THPT chuyên Trần Đại Nghĩa,giao-duc
319,Những ngành học du lịch-dịch vụ lần đầu tuyển sinh trong năm 2024,giao-duc
320,Bài thơ 'Đàn ghi ta của Lorca' tròn 45 tuổi,giao-duc
321,Trường ĐH Tôn Đức Thắng xét tuyển sớm từ đầu tháng 4,giao-duc
322,Thi tốt nghiệp THPT 2024: Khi nào thí sinh được rời khỏi phòng thi?,giao-duc
323,Đề thi tốt nghiệp THPT năm 2025: Giảm xác suất có  điểm do ‘chọn bừa’ đáp án,giao-duc
324,TP.HCM đề xuất phương án tuyển sinh lớp 6 Trường THPT chuyên Trần Đại Nghĩa,giao-duc
325,Học sinh lớp 11 'thi thử' tốt nghiệp THPT theo cách ra đề mới,giao-duc
326,ĐH Quốc gia TP.HCM nói gì về cấu trúc đề thi đánh giá năng lực 2024?,giao-duc
327,Tư vấn mùa thi ở ngôi trường 106 tuổi tại TP.HCM,giao-duc
328,Đề thi tốt nghiệp vận dụng thực tiễn: Học sinh ôn tập ra sao?,giao-duc
329,Mẹ làm công nhân mong con thi đậu bác sĩ đa khoa,giao-duc
330,Tư vấn mùa thi ở ngôi trường 106 tuổi tại TP.HCM,giao-duc
331,Hóa giải nỗi lo bị robot 'cướp' mất việc,giao-duc
332,"Nếu 'vỡ mộng' với ngành học đã chọn, phải làm sao?",giao-duc
333,Hà Minh 'Vietnam Idol 2023' lần đầu nói về khó khăn khi theo con đường ca hát,giao-duc
334,"Hà Minh á quân Vietnam Idol 2023 sẽ hát cùng học sinh tại Tiền Giang, TP.HCM",giao-duc
335,Học sinh cần lưu ý gì về kỳ thi tốt nghiệp THPT và xét tuyển ĐH?,giao-duc
336,"Tư vấn mùa thi: Mang thông tin chính thống, tin cậy đến với học sinh Tiền Giang",giao-duc
337,Ngành nào sinh viên Việt Nam học nhiều nhất tại Nhật Bản?,giao-duc
338,Học bổng tiến sĩ toàn phần tại Nhật Bản năm 2024,giao-duc
339,Học bổng của Chính phủ Ba Lan có yêu cầu gì ở ứng viên?,giao-duc
340,"Đừng nhầm lẫn hoạt động trải nghiệm với tham quan, du lịch",giao-duc
341,Trường Quốc tế Canada triển khai Quỹ học bổng tài năng 30 tỉ cho năm học mới,giao-duc
342,"'Nếu nữ sinh được chọn con đường các em yêu thích, cả xã hội sẽ được lợi'",giao-duc
343,SV Thiết kế đồ họa ĐH Duy Tân giành 8 giải thưởng tại The International Design Awards,giao-duc
344,"Hà Minh á quân Vietnam Idol 2023 sẽ hát cùng học sinh tại Tiền Giang, TP.HCM",giao-duc
345,Phạm Lịch và Lâm Phúc Vietnam Idol 2023 hát tại Tư vấn mùa thi 2024,giao-duc
346,Học sinh lớp 4 sở hữu 12 huy chương quốc tế,giao-duc
347,Để không quá tải khi ôn thi tốt nghiệp THPT và đánh giá năng lực,giao-duc
348,Thi tốt nghiệp THPT 2024: Những lưu ý để không phạm quy,giao-duc
349,Thông tin mới nhất về cấu trúc đề thi tốt nghiệp THPT từ năm 2025,giao-duc
350,Một trường ĐH công lập trả 500 triệu đồng mời giáo sư về làm việc,giao-duc
351,Vì sao TP.HCM thay đổi điều kiện xét giải thưởng trong kỳ thi học sinh giỏi?,giao-duc
352,'Chốt' sửa quy chế thi tốt nghiệp THPT 2024,giao-duc
353,"'Bí kíp' cần thiết cho mùa tuyển sinh ĐH 2024 'phủ sóng' nhà sách, sàn điện tử",giao-duc
354,"Sáng 8.3, mẹ đưa con đến cổng trường thì nhận điều bất ngờ",giao-duc
355,"3 mẹ con cùng đi học IELTS, con lớp 12 được 8.0",giao-duc
356,"Cuối tuần này, phụ huynh, học sinh tỉnh Tiền Giang cùng nghe tư vấn mùa thi",giao-duc
357,Giáo viên lay lắt chờ biên chế,giao-duc
358,Vào lớp 6 trường THPT chuyên: Đầu tư hàng chục triệu đồng để luyện thi,giao-duc
359,Bình Định: Xử lý vụ cô giáo dùng bút chì chọt vào chân trẻ mầm non,giao-duc
360,"Giải chạy với số học sinh, sinh viên tham gia lớn nhất châu Á có gì mới?",giao-duc
361,Ngành quản trị doanh nghiệp cấp bằng kỹ sư hay cử nhân?,giao-duc
362,Đà Nẵng: Tặng máy hỗ trợ kỹ năng hồi sinh tim phổi cho học sinh THPT,giao-duc
363,Cán bộ ĐH Duy Tân tập huấn chế tạo máy bay không người lái tại Hàn Quốc,giao-duc
364,Dừng tuyển lớp 6 trường THPT chuyên: 'Khó như trả lại vỉa hè cho người đi bộ'?,giao-duc
365,"3 mẹ con cùng đi học IELTS, con lớp 12 được 8.0",giao-duc
366,"Sai lầm là chạy đua IELTS mà bỏ qua nền tảng từ vựng, ngữ pháp",giao-duc
367,Tuyển sinh lớp 6 Trường THPT chuyên Trần Đại Nghĩa: Bài khảo sát gồm nội dung gì?,giao-duc
368,An toàn cho trẻ tự kỷ: Cần sự hiểu biết và thương yêu,giao-duc
369,Giáo viên có nên dùng công cụ AI chấm bài học sinh?,giao-duc
370,"Hai quốc gia Đông Nam Á dừng thi IELTS trên giấy, Việt Nam sẽ ra sao?",giao-duc
371,Tuyển sinh lớp 6 trường chuyên: Quy định có từ lâu nhưng thực hiện lại bị động,giao-duc
372,Dừng tuyển sinh lớp 6 trường THPT chuyên có gây sốc?,giao-duc
373,Facebook ngừng kết nối: Sẽ ra sao khi mạng xã hội rời bỏ chúng ta?,giao-duc
374,Thi tốt nghiệp THPT 2024: Đăng ký ra sao? Thi bao nhiêu môn?,giao-duc
375,Chúng ta có đang quá lệ thuộc vào Facebook?,giao-duc
376,Học sinh TP.HCM nói gì về 'nên cấm dùng điện thoại di động trong trường'?,giao-duc
377,4 phó giám đốc sở vào Hội đồng trường Trường ĐH Y khoa Phạm Ngọc Thạch,giao-duc
378,Đăng ký thi đánh giá năng lực HSA: Cùng lúc 200.000 thiết bị tìm cách truy cập,giao-duc
379,Quỹ VINIF tổ chức sự kiện khoa học 'Gặp gỡ mùa xuân',giao-duc
380,"Giữa bác sĩ đa khoa và nha khoa, ngành nào có thu nhập cao hơn?",giao-duc
381,Những chuyên ngành phụ độc lạ của các ĐH ở Mỹ,giao-duc
382,Thi đánh giá năng lực: Thí sinh đăng ký thi đợt 1 cao nhất trước đến nay,giao-duc
383,"Khai xuân năm Rồng, VUS chào đón thêm nhiều cơ sở mới",giao-duc
384,Giáo viên nói gì về đề thi học sinh giỏi ngữ văn của TP.HCM?,giao-duc
385,Giáo viên nói gì về đề thi học sinh giỏi quốc gia môn ngữ văn?,giao-duc
386,Nguyên nhân ngành y tỷ lệ 'chọi' không cao nhưng khó vào,giao-duc
387,Sẽ hết cảnh xếp hàng trắng đêm đăng ký học cho con?,giao-duc
388,"Từ 2026, nhu cầu nhân lực kỹ thuật hàng không sẽ tăng mạnh",giao-duc
389,Năm 2024 Trường ĐH Công nghệ Giao thông vận tải tuyển sinh nhiều chuyên ngành mới,giao-duc
390,"Lớp 6 trường THPT chuyên Hà Nội - Amsterdam, Trần Đại Nghĩa tuyển sinh tiếp hay dừng?",giao-duc
391,"Chọn sách giáo khoa chương trình mới có hình thức, tốn kém?",giao-duc
392,Tổ chức ngày hội IELTS lớn nhất trong năm cho thí sinh sau 4 năm gián đoạn,giao-duc
393,Tuyển sinh 2024: Trường ĐH Văn Hiến mở ngành công nghệ điện ảnh-truyền hình,giao-duc
394,Tuyển sinh 2024: Lưu ý khi chọn học khối ngành sức khỏe,giao-duc
395,Cô gái Việt và chú vịt Bim Bim được lên sóng Warner Bros. Discovery,giao-duc
396,Gặp lại nữ sinh lên tiếng việc 'cô giáo im lặng không giảng bài suốt hơn 3 tháng',giao-duc
397,Hà Nội: 35 ứng viên thi tuyển hiệu trưởng trường THPT,giao-duc
398,"Đi tập huấn SGK mới, giáo viên gọi tác giả để 'xác minh'",giao-duc
399,"Tác giả trong SGK mới: Thượng úy công an nổi tiếng nhờ viết truyện, tiểu thuyết",giao-duc
400,Cán bộ ĐH Duy Tân tập huấn chế tạo máy bay không người lái tại Hàn Quốc,giao-duc
401,"Xe BMW tại Việt Nam ngày càng dễ tiếp cận, lái có còn 'chất'?",xe
402,"Xe bán tải cả tháng bán chưa tới 1.000 chiếc, phần lớn người Việt mua Ford Ranger",xe
403,Lexus LM rớt giá 1 tỉ đồng mỗi năm tại Việt Nam,xe
404,Xe điện VinFast thay đổi thói quen dịch chuyển của người Việt,xe
405,Điều đáng tiếc trên Ford Everest Platinum về Việt Nam,xe
406,Honda Civic 30 năm tuổi tại Việt Nam rao giá vài chục triệu đồng,xe
407,"Volkswagen Teramont X có 5 chỗ ngồi, giá từ 1,998 tỉ đồng tại Việt Nam",xe
408,"Ô tô ồ ạt giảm giá, xe hãng nào được người Việt chọn mua nhiều nhất?",xe
409,Mitsubishi Outlander mới chưa về Việt Nam đã có bản nâng cấp,xe
410,3 thói quen cần 'sửa' khi chuyển từ xe máy xăng sang xe máy điện,xe
411,Mua ô tô lần đầu: Nên chọn xe điện hay xe máy xăng truyền thống?,xe
412,"Fortuner nâng cấp động cơ, Hilux thêm trang bị, giảm giá bán trở lại vào tháng 5",xe
413,Ô tô điện đã qua sử dụng đang 'rớt' giá mạnh,xe
414,"10 ô tô bán ít nhất Việt Nam tháng 2.2024: Toyota áp đảo, Kia góp mặt",xe
415,"10 ô tô bán chạy nhất Việt Nam tháng 2.2024: Vắng bóng xe Toyota, Ranger dẫn đầu",xe
416,"'Trùm cuối' Ford Everest Platinum V6 có giá gần 1,6 tỉ đồng",xe
417,"'Chạy đà' doanh số, sedan hạng B dưới 600 triệu 'đua' ưu đãi, giảm giá bán",xe
418,Điều hòa ô tô có mùi ẩm mốc: Nguyên nhân và cách khắc phục,xe
419,Kinh nghiệm lái xe an toàn trên cao tốc vào ban đêm,xe
420,Lái ô tô trên cao tốc vào ban đêm: Cần lưu ý gì?,xe
421,"Lộ diện thương hiệu, mẫu mã ô tô có tỷ lệ khách hàng trung thành cao nhất",xe
422,"Ô tô con 'cướp làn', chạy ngược chiều bị ép đi lùi trên phố",xe
423,"Ô tô dừng khẩn cấp trên cao tốc, làm sao để đảm bảo an toàn?",xe
424,"Lexus LS sau 20 năm sử dụng tại Việt Nam, rao giá 400 triệu đồng",xe
425,Nút bấm 'lạ' trên cốp xe Honda CR-V để làm gì?,xe
426,"Chi phí sản xuất ô tô điện sẽ thấp hơn xe xăng, dầu vào năm 2027",xe
427,Ô tô gầm cao cỡ nhỏ dưới 800 triệu: Rầm rộ cuộc đua giảm giá,xe
428,Chọn Kia Sedona cũ hay Toyota Innova mới cho gia đình?,xe
429,Xe hiếm Ssangyong Tourismo cạnh tranh Kia Sedona tại Việt Nam,xe
430,Xanh SM Platform cam kết chia sẻ doanh thu tới 80% trong 3 năm đầu,xe
431,Xe SUV 7 chỗ tại Việt Nam 'đại hạ giá' có mẫu giảm hàng trăm triệu đồng,xe
432,Lái xe trên cao tốc Hà Nội - Hải Phòng: Cần lưu ý gì?,xe
433,3 cách tăng tuổi thọ xe máy điện khi sử dụng tại Việt Nam,xe
434,Chi phí cần chuẩn bị khi có ý định mua ô tô,xe
435,Top 50 nhân vật có tầm ảnh hưởng trong ngành ô tô vinh danh Chủ tịch Vingroup,xe
436,Toyota Mirai 'đại hạ giá' gần 60% vì thiếu trạm nạp nhiên liệu hydro,xe
437,Vụ cháy gây chìm tàu Felicity Ace chở hơn 3.900 ô tô: Volkswagen bị khởi kiện,xe
438,VinFast VF e34 đã qua sử dụng tăng giá gần cả trăm triệu đồng,xe
439,"Mitsubishi Xforce lái chuẩn Nhật, giá ngang xe Hàn",xe
440,"Xe tay ga Trung Quốc trang bị nhiều tính năng công nghệ, cạnh tranh Honda ADV 160",xe
441,"Bãi giữ xe máy chia khu vực riêng cho xe Honda Lead, vì sao?",xe
442,Lái xe trên cao tốc TP.HCM - Long Thành - Dầu Giây: Cần lưu ý gì?,xe
443,Giới kinh doanh xe cũ 'lao đao' vì ô tô Mercedes giảm giá hơn 700 triệu đồng,xe
444,"SUV 7 chỗ: Bán chưa tới 100 xe, Toyota Fortuner bị Mitsubishi Pajero Sport vượt mặt",xe
445,Ô tô không có nút bấm vật lý sẽ khó đạt chuẩn an toàn cao nhất,xe
446,"Lần đầu mua ô tô, nên chọn xe mới hay đã qua sử dụng?",xe
447,Lái xe trên cao tốc Đà Nẵng - Quảng Ngãi: Làm gì để đảm bảo an toàn?,xe
448,"Sedan hạng D: 'Ế hoàn ế', Toyota Camry bán hơn 100 xe vẫn dẫn đầu phân khúc",xe
449,Xếp hạng ô tô 'xanh' nhất thế giới: Xe hybrid vượt loạt xe điện,xe
450,Toyota Vios 2024 bản 'taxi' giá 458 triệu đồng tại Việt Nam trang bị gì?,xe
451,Tân binh mới phân khúc B-SUV: Yaris Cross mạnh mẽ vượt trội,xe
452,"Ô tô gầm cao cỡ nhỏ dưới 750 triệu: Hyundai Creta giảm giá, đấu Mitsubishi Xforce",xe
453,Datsun 280ZX hơn 40 năm tuổi độc nhất Việt Nam,xe
454,"Doanh số 'lao dốc', các hãng xe tại Việt Nam giảm sản xuất, nhập khẩu ô tô",xe
455,"Crossover cỡ trung: Doanh số giảm hơn 1.000 xe, Mazda CX-5 vẫn dẫn đầu phân khúc",xe
456,"Honda CR-V 2025 có thêm bản động cơ quá phức tạp, khó về Việt Nam",xe
457,"Trạm sạc EBOOST thu hút đầu tư, thúc đẩy quá trình chuyển đổi xanh tại Việt Nam",xe
458,"Xả hàng tồn kho, giá bán nhiều mẫu sedan hạng B giảm hàng chục triệu đồng",xe
459,"Xe tay ga Yamaha Zuma 125 2024 sản xuất tại Mỹ, giá gần 3.800 USD",xe
460,Toyota Land Cruiser Prado 2024 rục rịch gia nhập thị trường Việt Nam,xe
461,Ô tô suýt 'gặp họa' vì xe đạp liều lĩnh chạy trên cao tốc trong đêm,xe
462,"MG3 2024 cạnh tranh Toyota Yaris, hứa hẹn về Việt Nam",xe
463,"Giá bán Toyota Vios, Veloz Cross tại Việt Nam giảm gần 50 triệu đồng",xe
464,Có nên mua Toyota Land Cruiser Prado giá hơn 300 triệu đồng?,xe
465,VinFast gây sốt với chính sách mua xe trả góp chỉ từ 176.000 đồng/ngày,xe
466,Xe tay ga Vespa 946 Dragon phiên bản 'hàng hiếm' về Việt Nam,xe
467,"Hết ưu đãi lệ phí trước bạ, người Việt giảm mua ô tô lắp ráp trong nước",xe
468,"SUV đô thị: Vượt mặt bộ 3 xe Hàn, Honda HR-V bất ngờ dẫn đầu phân khúc",xe
469,Xe hiếm Lexus RX400h rao giá 260 triệu đồng tại Việt Nam,xe
470,"Toyota mạnh tay cải tổ bộ máy, quy trình, hướng tới tương lai phát triển bền vững",xe
471,Vụ xe khách gặp nạn ở Tam Đảo: Kỹ năng dùng phanh khi lái xe đường đèo,xe
472,Sedan hạng B giá dưới 600 triệu đồng bán chậm tháng đầu năm 2024,xe
473,Toyota Land Cruiser hơn 25 năm tuổi dùng làm xe cảnh sát Nhật Bản,xe
474,Nhiều người dùng ô tô điện không muốn đổi sang các dòng xe khác,xe
475,Xe Trung Quốc 'nhái' Land Rover một thời tại Việt Nam rớt giá thê thảm,xe
476,Mitsubishi Grandis 15 năm tuổi 'tân trang' như xe đời mới,xe
477,"3 ô tô mới giá 500 - 700 triệu đồng, có cả xe SUV/crossover hạng C",xe
478,"Yamaha Fazzio 2024 cạnh tranh Honda Vision, giá từ 36 triệu đồng",xe
479,"Hãng xe Trung Quốc 'bành trướng' Đông Nam Á, tăng lực vào phân khúc xe tay ga",xe
480,Sedan hạng C tầm giá dưới 900 triệu đồng: Doanh số giảm Mazda3 vẫn dẫn đầu,xe
481,"Hơn 1.300 xe bán tải tiêu thụ tại Việt Nam đầu năm 2024, Isuzu D-Max vượt BT-50",xe
482,Doanh số ô tô hộp số sàn bất ngờ tăng trưởng,xe
483,"Tháng đầu năm 2024, người Việt giảm mua sắm ô tô",xe
484,"Ô tô cỡ nhỏ giá dưới 450 triệu đồng: Grand i10 áp đảo Wigo, Morning",xe
485,"Mitsubishi Xforce bản tiêu chuẩn về Việt Nam, giá 620 triệu đồng",xe
486,Lái xe trên cao tốc và đường thường khác nhau thế nào?,xe
487,"Kia Seltos sắp có bản hybrid, cạnh tranh Toyota Corolla Cross",xe
488,"Sai phạm liên quan đến chứng nhận khí thải động cơ diesel, Toyota đối mặt án phạt",xe
489,Xe gia đình cỡ nhỏ: Suzuki bất ngờ vượt mặt Toyota tháng đầu năm 2024,xe
490,Các lỗi tài xế dễ vi phạm khi lái xe trên cao tốc và mức xử phạt,xe
491,"'Chạy đà' doanh số, đại lý giảm giá bán nhiều mẫu xe máy ngay sau tết",xe
492,"Đầu năm 2024, người Việt mua ô tô hãng nào nhiều nhất?",xe
493,"Áp lực cạnh tranh ở phân khúc B-SUV, Hyundai Creta giảm giá mạnh ngay sau Tết",xe
494,"Đoàn xe máy 'hớt hải' quay đầu, chạy ngược chiều trên cao tốc… để tránh CSGT",xe
495,"Sau Tết Nguyên đán, thời điểm thích hợp để mua ô tô",xe
496,"Càng 'tài mới' càng phải học nhiều, học kỹ trước khi lái xe vào cao tốc",xe
497,"Sau tết, hàng loạt mẫu ô tô tại Việt Nam chạy đua giảm giá",xe
498,"Tài xế xe container quyết 'chèn đường', không cho xe khách vượt trên làn dừng khẩn cấp",xe
499,10 ô tô bán ít nhất Việt Nam tháng đầu năm 2024: Xe Toyota chiếm đa số,xe
500,Kinh nghiệm giúp lái xe an toàn trên cao tốc Cam Lộ - La Sơn,xe
501,'Tài già' chia sẻ văn hóa lái xe trên cao tốc,xe
502,Lái xe trên cao tốc tại Việt Nam cần chuẩn bị trước những gì?,xe
503,10 ô tô bán chạy nhất Việt Nam tháng đầu năm 2024: Mitsubishi Xpander dẫn đầu,xe
504,Kỹ năng lái xe an toàn trên đường cao tốc,xe
505,"Kiến thức cơ bản về đường cao tốc, lái xe cần biết",xe
506,Vì sao người Việt ngày càng chuộng taxi điện?,xe
507,Phân khúc ô tô nào sẽ 'lên ngôi' trong năm mới 2024,xe
508,"Quy định về an toàn giao thông trên cao tốc tại Việt Nam, lái xe cần biết",xe
509,Loạt xe Hàn Quốc sắp đổ bộ Việt Nam có đáng để chờ đợi?,xe
510,"Bán ế tại quê nhà, ô tô điện Haima 7X-E có đủ sức hút khách Việt?",xe
511,"Vừa tung ra đã hút khách mua, Honda Stylo 160 'phả hơi nóng' vào Yamaha Grande",xe
512,Từ tai nạn trên cao tốc Cam Lộ - La Sơn: 3 lỗi tài xế cần tránh,xe
513,Cuộc đua ô tô bán chạy nhất Việt Nam: Mitsubishi Xpander liệu có giữ được ngôi vương?,xe
514,Có phải lái ô tô chạy chậm sẽ tiết kiệm nhiên liệu?,xe
515,"Bị cắt trợ cấp, doanh số ô tô điện, xe PHEV trên toàn cầu sụt giảm",xe
516,Ô tô điện Hyundai Kona Electric 2024 cập bến Đông Nam Á,xe
517,"Sau tết, nhiều mẫu ô tô giảm lệ phí trước bạ",xe
518,Chủ xe ô tô chạy bằng nhiên liệu hydro gặp khó tại Mỹ,xe
519,Xe cũ Volkswagen Teramont ngang giá lăn bánh Hyundai Palisade tại Việt Nam,xe
520,Bất ngờ với loạt trang bị trên VinFast VF 5 tại Indonesia,xe
521,"VinFast VF 5 tay lái nghịch có mặt tại Indonesia

",xe
522,'Ngán ngẩm' người đàn ông lái xe máy du xuân... trên cao tốc,xe
523,"Từ hôm nay, áp dụng quy định mới về đăng kiểm ô tô, chủ xe cần biết",xe
524,"4 thói quen dễ khiến tài xế ô tô đạp nhầm chân ga, nhất là ‘lái mới’",xe
525,"Đại lý độ Suzuki Jimny 'nhái' xe Mercedes tại Việt Nam, hét giá gần 1 tỉ đồng",xe
526,Xu hướng mua sắm ô tô của người Việt năm 2024,xe
527,Xe gia đình cỡ nhỏ vẫn là phân khúc ‘nóng’ tại thị trường Việt Nam,xe
528,"Ô tô thương hiệu nào ít gặp sự cố, đáng tin cậy nhất năm 2024?",xe
529,"Honda City hatchback có bản nâng cấp, cạnh tranh Toyota Yaris, Mazda2",xe
530,Những mẫu ô tô kỳ vọng gia nhập thị trường Việt Nam trong năm 2024,xe
531,SUV 7 chỗ tầm giá 1 tỉ đồng: Còn cơ hội cho Toyota Fortuner?,xe
532,Xe bán tải tại Việt Nam: Ford Ranger vẫn là 'chân ái',xe
533,"10 tỉnh, thành phố tiêu thụ ô tô nhiều nhất Việt Nam",xe
534,"Bản nâng cấp Toyota Corolla Cross trình làng Đông Nam Á, giá từ 654 triệu đồng",xe
535,Xe Hàn vượt xe Nhật ở phân khúc SUV đô thị,xe
536,Mazda CX-5 vượt trội ở phân khúc crossover cỡ trung: Giá bán quyết định tất cả?,xe
537,"3 mẫu ô tô vẫn 'tỏa sáng' tại Việt Nam, bất chấp thị trường ảm đạm",xe
538,Người Việt ngày càng 'thờ ơ' với sedan hạng D,xe
539,"Kia K3 giảm doanh số kỷ lục, sedan hạng C gặp khó vì SUV, crossover?",xe
540,"Những mẫu ô tô, xe máy phiên bản 'Rồng' bán giới hạn tại Việt Nam",xe
541,Toyota Vios ‘hụt hơi’ trước Hyundai Accent: Nguyên nhân vì đâu?,xe
542,Hàng trăm chủ xe Honda HR-V phản ánh kính sau bị vỡ khi bật tính năng sấy,xe
543,Vì sao doanh số xe máy tại Việt Nam giảm mạnh trong năm 2023?,xe
544,Người Việt đã chán ‘ô tô cóc’ hạng A giá rẻ?,xe
545,Lượng tiêu thụ ô tô tại Việt Nam giảm mạnh nhất khu vực Đông Nam Á,xe
546,"Tự rửa ô tô tại nhà ngày cận Tết, cần lưu ý gì?",xe
547,Lái ô tô đường dài: Cách giảm đau lưng,xe
548,Honda rục rịch phân phối xe tay ga Giorno+ 125 tại Việt Nam?,xe
549,Triệu hồi gần 6.000 xe VinFast VF 5 Plus tại Việt Nam sửa lỗi đèn chiếu sáng,xe
550,Lái ô tô đường dài: Đi cao tốc cần 'nằm lòng' những gì?,xe
551,Xuất hiện xe tay ga Trung Quốc 'nhái' y hệt thiết kế Honda ADV350,xe
552,5 vật dụng cần ‘thủ sẵn’ trên ô tô khi lái xe đường dài,xe
553,Doanh nghiệp vận tải tiết kiệm tiền tỉ nhờ dùng xe điện,xe
554,"Tài xế để trẻ thò đầu qua cửa sổ trời ô tô, ‘hóng gió’ trên cao tốc",xe
555,6 thứ nên chuẩn bị trước hành trình lái ô tô về quê chơi Tết,xe
556,Honda Civic 2023 số sàn đã qua sử dụng rao giá cao hơn xe mới,xe
557,5 phụ kiện chủ xe có thể tự thay thế khi bảo dưỡng ô tô chơi Tết,xe
558,"Ô tô gầm cao cỡ nhỏ, dưới 600 triệu: Chọn Kia Sonet, Toyota Raize hay Hyundai Venue?",xe
559,Bảo dưỡng ô tô trước Tết Nguyên đán: Cần kiểm tra những gì?,xe
560,4 vạch kẻ đường tài xế cần lưu ý khi lái xe đường dài,xe
561,"Mazda3 tại Việt Nam bổ sung bản cao cấp, giá 739 triệu đồng",xe
562,Lưu ý khi đưa ô tô đi đăng kiểm thời điểm cận Tết Nguyên đán,xe
563,"Công ty khởi nghiệp của Singapore hợp tác BYD phân phối xe máy điện, cạnh tranh VinFast",xe
564,"Isuzu D-Max 2024 cải tiến bản X-series, nỗ lực thoát ế",xe
565,"Xe tay ga Honda Stylo 160 'chào' Đông Nam Á, chờ ngày về Việt Nam",xe
566,5 lưu ý phải nhớ khi thuê ô tô tự lái dịp Tết?,xe
567,"Mitsubishi Xpander HEV 2024 thêm động cơ điện, trang bị 'xịn', giá hơn 600 triệu đồng",xe
568,Nghịch lý MG HS giá rẻ hơn 'đàn em' MG RX-5 tại Việt Nam,xe
569,Toyota dính bê bối chứng nhận động cơ dầu: Xe bán tại Việt Nam có ảnh hưởng?,xe
570,Chăm sóc xe tay ga trước Tết: Đừng quên thay dầu hộp số,xe
571,"Phẫn nộ tài xế lái xe taxi vượt ẩu, leo lên vỉa hè khi tắc đường",xe
572,Những chính sách mới liên quan đến ô tô có hiệu lực từ tháng 2.2024,xe
573,Lộ diện quốc gia có tỷ lệ tiêu thụ ô tô điện cao nhất thế giới,xe
574,VinFast VF 8 trở thành xe có giá thuê rẻ nhất,xe
575,Ford Transit 2024 xuất hiện tại Việt Nam,xe
576,"Vì sao người Việt ngày càng chuộng ô tô gầm cao cỡ nhỏ, giá dưới 600 triệu?",xe
577,"Lập kỷ lục doanh số Toyota giữ vững ngôi vương, chủ tịch xin lỗi vì bê bối",xe
578,"Ô tô gầm cao cỡ nhỏ, giá dưới 600 triệu tại Việt Nam ngày càng cạnh tranh",xe
579,4 mẫu xe đáng cân nhắc khi thuê ô tô chơi Tết,xe
580,Những lý do Toyota Yaris Cross chinh phục khách Việt,xe
581,"Toyota gặp vấn đề liên quan đến động cơ diesel, tạm dừng sản xuất 10 mẫu xe",xe
582,"BMW X5 chống đạn đã qua sử dụng 21 năm, rao giá 600 triệu tại Việt Nam",xe
583,"Hyundai Starex 9 chỗ, số tự động hiếm thấy tại Việt Nam",xe
584,Ô tô được gắn thêm phụ kiện gì để 'đậu' đăng kiểm?,xe
585,5 mẫu ô tô gầm cao giá dưới 700 triệu hút khách nhất Việt Nam,xe
586,"Hyundai Creta 2024 bị 'cắt' nhiều trang bị, sơ sài hơn cả xe taxi",xe
587,Lộ diện mẫu ô tô bán chạy nhất thế giới năm 2023,xe
588,"CEO Tesla: 'Không có rào cản thương mại, xe điện Trung Quốc sẽ hủy diệt đối thủ'",xe
589,"Suzuki Jimny tại Đông Nam Á có bản mới, khách Việt vẫn mòn mỏi đợi chờ",xe
590,Mitsubishi Xpander bổ sung bản dùng mô-tơ điện,xe
591,Toyota Việt Nam phân phối trở lại mẫu xe Avanza Premio số sàn,xe
592,Honda Civic 2025 có thêm bản động cơ hybrid như CR-V,xe
593,Xe Trung Quốc Haima 7X giảm giá hơn trăm triệu đồng vì ế khách,xe
594,Mazda2 2024 tại Việt Nam có thêm bản Sport,xe
595,Triệu hồi 60 xe Ford Everest tại Việt Nam,xe
596,Chủ tịch Toyota: Ô tô điện chỉ có thể chiếm 30% thị phần ô tô trong tương lai,xe
597,Xe SUV 'xịn' nhất của Volvo tại Việt Nam bị triệu hồi vì lỗi dây an toàn,xe
598,"Sedan hạng D ngày càng 'kém khách', Toyota Camry cũng mất dần sức hút",xe
599,Xuống Bãi Sau TP.Vũng Tàu xem thi đấu mô tô trên cát,xe
600,"Xe tải lớn vượt ẩu tại khúc cua, suýt gây tai nạn liên hoàn",xe
601,Bộ Y tế hướng dẫn mới nhất về khám sức khỏe lái xe,suc-khoe
602,"Cách bảo quản thực phẩm trong tủ lạnh, tủ đông an toàn",suc-khoe
603,Làm chậm tiến triển bệnh thận mạn,suc-khoe
604,Gội đầu rồi đi ra ngoài nắng nóng sẽ bị chóng mặt?,suc-khoe
605,Ngày mới với tin tức sức khỏe: Phát hiện lợi ích bất ngờ của giấc ngủ trưa,suc-khoe
606,Dấu hiệu cơn co thắt cơ bất thường là ung thư não,suc-khoe
607,Tư thế ngủ giúp giảm đau lưng và hông,suc-khoe
608,Ngủ trưa tác động tích cực thế nào đến tim?,suc-khoe
609,"Hy hữu: Con lươn dài 30 cm nằm trong bụng, làm thủng ruột bệnh nhân",suc-khoe
610,Phẫu thuật thành công bướu giáp 'khủng' cho nữ bệnh nhân,suc-khoe
611,"Hàng nghìn người được khám, chữa bệnh từ chương trình ‘Vì một Việt Nam khỏe mạnh hơn’",suc-khoe
612,Biến thể phụ JN.1 gây dịch Covid-19 đang chiếm ưu thế,suc-khoe
613,30 phút sốc điện cứu sống cụ ông bị nhồi máu cơ tim cấp,suc-khoe
614,"Chuyên gia tư vấn theo dõi thai, đẻ không đau và vắc xin cho trẻ",suc-khoe
615,"Nắng nóng, coi chừng đột quỵ do nhiệt",suc-khoe
616,Ngày mới với tin tức sức khỏe: Tại sao ăn khoai lang nên giữ nguyên vỏ?,suc-khoe
617,"Khoai lang rất bổ dưỡng, nhưng có nên ăn cả vỏ?",suc-khoe
618,"Loại củ được bác sĩ khuyên nên ăn để ngăn ngừa ung thư, bệnh tim",suc-khoe
619,Cà phê uống vào lúc nào trong ngày để có hiệu quả tốt nhất?,suc-khoe
620,"Đau cách hồi, vết thương ở chân không lành cần đề phòng tắc động mạch chi dưới",suc-khoe
621,"Cứu sống cụ ông 73 tuổi ngưng tim, ngưng thở",suc-khoe
622,Bệnh sởi đã biến đổi so với 'truyền thống',suc-khoe
623,"Đắk Nông: Căn cứ thực tế lập đội bắt chó, mèo thả rông, phòng chống bệnh dại",suc-khoe
624,"Nắng nóng gay gắt, những ai dễ gặp nguy hiểm?",suc-khoe
625,Phẫu thuật u tủy sống cứu cụ ông thoát cảnh liệt hai chân,suc-khoe
626,Nguy kịch vì ngộ độc thuốc gây tê nhổ răng,suc-khoe
627,"TP.HCM: Cắt bướu, bảo tồn thận cho người bệnh chỉ có 1 quả thận",suc-khoe
628,5 loại trái cây tốt cho thận,suc-khoe
629,"Phẫu thuật cắt bỏ khối u xơ tử cung nặng 2,7 kg",suc-khoe
630,ZO® Skin Health thay đổi tem chính hãng bảo vệ làn da khỏi sản phẩm giả mạo,suc-khoe
631,Tập thể dục quá sức gây hại như thế nào?,suc-khoe
632,Năm 2024 sẽ mở rộng độ bao phủ triển khai PrEP,suc-khoe
633,"Bác sĩ 24/7: Nguồn lây nhiễm vi khuẩn Salmonella từ đâu, cách phòng tránh?",suc-khoe
634,Ngày mới với tin tức sức khỏe: Ăn đậu đen lợi đủ điều,suc-khoe
635,Người hay đi tiểu đêm cần chú ý bệnh gì?,suc-khoe
636,5 loại trái cây tốt cho thận,suc-khoe
637,Lợi ích sức khỏe khi ăn đậu đen,suc-khoe
638,Ngăn chặn nguy cơ bùng phát bệnh sởi,suc-khoe
639,'Cậu nhỏ' bị biến dạng sau phẫu thuật tăng kích cỡ,suc-khoe
640,Những ai không nên tắm nước nóng?,suc-khoe
641,Phòng chống nhiễm khuẩn bệnh viện tốt thì bệnh nhân được hưởng lợi,suc-khoe
642,Bác sĩ 24/7: Làm thế nào để phòng bệnh suy thận?,suc-khoe
643,Cấp bách phòng chống bệnh dại,suc-khoe
644,Ngày mới với tin tức sức khỏe: Lợi ích bất ngờ khi chơi cầu lông,suc-khoe
645,Lý do uống cà phê buổi sáng dễ bị buồn nôn,suc-khoe
646,Nên ăn gì nếu bạn muốn sống thọ đến 100 tuổi?,suc-khoe
647,Những lợi ích tuyệt vời khi chơi cầu lông,suc-khoe
648,Vụ ngộ độc tại quán cơm gà ở Nha Trang: Phát hiện thêm 2 loại vi khuẩn,suc-khoe
649,Để hạn chế ngạt khói khi xảy ra cháy,suc-khoe
650,Tư vấn sức khỏe,suc-khoe
651,Tránh những thực phẩm sau đây khi bị sốt,suc-khoe
652,Làm điều này lúc rảnh rỗi cũng giúp giảm nguy cơ đột quỵ,suc-khoe
653,Làm điều này khi tập thể dục tưởng đẹp nhưng có thể gây hại,suc-khoe
654,Tập thể dục kiểu này có thể gây hại cho tim,suc-khoe
655,Tác dụng bất ngờ của nước chanh mật ong khi thời tiết giao mùa,suc-khoe
656,Đa mô thức trong điều trị ung thư: Từ nghiên cứu đến ứng dụng lâm sàng,suc-khoe
657,"Hơn 2.500 người khuyết tật, trẻ mồ côi, công nhân được khám bệnh, cấp thuốc miễn phí",suc-khoe
658,Vụ nghi ngộ độc cơm gà ở Nha Trang: Thêm 5 ca dương tính với khuẩn Salmonella,suc-khoe
659,"Vụ nghi ngộ độc cơm gà ở Nha Trang: 358 người nhập viện, 1 thai phụ điều trị tích cực",suc-khoe
660,Ngày mới với tin tức sức khỏe: Loại dầu quen thuộc có thể ngăn ngừa ung thư,suc-khoe
661,Các loại nước ép tốt cho tim mạch,suc-khoe
662,Ăn gì để tóc khỏe?,suc-khoe
663,Loại thuốc từ dầu ô liu có thể điều trị ung thư,suc-khoe
664,Xét nghiệm gen đánh giá nguy cơ ung thư,suc-khoe
665,"Vụ nghi ngộ độc cơm gà ở Nha Trang: 358 người nhập viện, 1 thai phụ điều trị tích cực",suc-khoe
666,Hơn 85% trẻ em mắc sâu răng,suc-khoe
667,Nên ăn gì để bổ sung i ốt?,suc-khoe
668,TP.HCM: Thêm một bệnh viện tư nhân ở Khu đô thị Phú Mỹ Hưng,suc-khoe
669,Thực phẩm giúp tăng cholesterol tốt,suc-khoe
670,Lý do nên ăn củ dền thường xuyên,suc-khoe
671,Ngày mới với tin tức sức khỏe: Nhiều lợi ích bất ngờ của thì là,suc-khoe
672,Các loại ung thư có thể biểu hiện dấu hiệu bất thường ở mắt,suc-khoe
673,Bạn có nhớ thay bàn chải đánh răng khi nào không?,suc-khoe
674,Lợi ích sức khỏe của thì là,suc-khoe
675,Phẫu thuật xuyên đêm cứu bệnh nhân bị khối u tim 'khổng lồ',suc-khoe
676,Vi khuẩn Salmonella gây ngộ độc ở thịt gà còn có trong thực phẩm nào?,suc-khoe
677,Chuyên gia ung bướu cảnh báo tác nhân gây ung thư dạ dày,suc-khoe
678,Vụ nghi ngộ độc cơm gà ở Nha Trang: Phát hiện khuẩn Salmonella,suc-khoe
679,"Người chết tim có thể hiến được nhiều mô, tạng",suc-khoe
680,Sản phụ 19 tuổi mang khối u buồng trứng 2 kg,suc-khoe
681,Bệnh viện Quân y 120 đưa vào hoạt động Trung tâm điều trị kỹ thuật cao,suc-khoe
682,Bệnh viện Quân y 121 kỷ niệm 60 năm thành lập,suc-khoe
683,"Khảo sát, đánh giá sự hài lòng người bệnh với dịch vụ y tế",suc-khoe
684,"Tôm rất ngon, nhưng những ai cần thận trọng khi ăn?",suc-khoe
685,Tư vấn trực tuyến: Cách phòng bệnh dại từ vật nuôi,suc-khoe
686,CDC Hà Nội mở lại phòng tiêm chủng dịch vụ,suc-khoe
687,CDC Mỹ sẽ giúp Việt Nam phòng chống nhiều dịch bệnh mới nổi,suc-khoe
688,Ngày mới với tin tức sức khỏe: Phát hiện nhiều tác dụng bất ngờ của trái thơm,suc-khoe
689,Đồ uống phù hợp với người bệnh tiểu đường,suc-khoe
690,Tác dụng không ngờ của trái thơm: giúp kiểm soát cholesterol,suc-khoe
691,Loại thuốc bổ nhiều người hay uống được phát hiện có thể ngăn ngừa đột quỵ,suc-khoe
692,Số nạn nhân nhập viện sau khi ăn cơm gà ở Nha Trang đã hơn 200 người,suc-khoe
693,Lựa chọn biện pháp tránh thai hiện đại phù hợp với các nàng,suc-khoe
694,"Bệnh viện Chợ Rẫy cứu sống ca bệnh hiếm, 100 năm mới ghi nhận 150 ca",suc-khoe
695,Bệnh dại trên người tăng đột biến,suc-khoe
696,"'Yêu' không đúng tư thế, người đàn ông bị gãy 'của quý' phải nhập viện cấp cứu",suc-khoe
697,Những thói quen buổi tối giúp tăng cường sức khỏe,suc-khoe
698,Sản phẩm ‘gốc thực vật’: Xu hướng mới để bảo vệ sức khỏe,suc-khoe
699,Người ăn nhiều thịt dễ bị thiếu vitamin nào?,suc-khoe
700,60 người nhập viện nghi ngộ độc thực phẩm sau khi ăn cơm gà ở Nha Trang,suc-khoe
701,"Tư vấn sức khỏe: Mổ cận, nên hay không?",suc-khoe
702,Lợi ích sức khỏe của quả khế,suc-khoe
703,"Ngày mới với tin tức sức khỏe: Loại rau quen thuộc chống cả ung thư, đột quỵ",suc-khoe
704,Thực phẩm được FDA công nhận giảm nguy cơ mắc bệnh tiểu đường,suc-khoe
705,Có nên ăn đầu và vỏ tôm?,suc-khoe
706,Loại rau chống ung thư được phát hiện trị cả đột quỵ,suc-khoe
707,An Giang: Liên tiếp 6 người bị chó dại cắn,suc-khoe
708,Tư vấn sức khỏe,suc-khoe
709,"Nỗ lực cứu nữ sinh lớp 8 nhiều lần ngưng tim, ngưng thở",suc-khoe
710,Bệnh viện Quân y 121 anh hùng và những điểm son,suc-khoe
711,"Uống ít nước, hàng trăm viên sỏi trong thận nam thanh niên",suc-khoe
712,Bị tắc ruột do nuốt phải quả ô mai xí muội,suc-khoe
713,"Cứu sống trẻ sinh non 32 tuần bị suy hô hấp, nhiễm khuẩn sơ sinh",suc-khoe
714,Quảng Bình: Cứu sống một trẻ sinh non mang nhiều dị tật,suc-khoe
715,"'Trải thảm' thu hút, Hà Tĩnh vẫn thiếu bác sĩ tuyến dưới",suc-khoe
716,Người bệnh gì không nên uống nước cam?,suc-khoe
717,"Đề xuất mở rộng chi trả BHYT đối với chẩn đoán, điều trị ung thư",suc-khoe
718,Bác sĩ 24/7: Chất độc chelonitoxism trong thịt rùa biển nguy hiểm thế nào?,suc-khoe
719,"Ngày mới với tin tức sức khỏe: Nhịn ăn giảm cân, cơ thể sẽ thế nào?",suc-khoe
720,"Bị táo bón, nên uống loại nước ép trái cây nào?",suc-khoe
721,"Nếu bạn bận quá, đi bộ chừng này cũng giảm nguy cơ mắc bệnh tim",suc-khoe
722,3 tác hại ít ngờ tới nếu nhịn đói để giảm cân,suc-khoe
723,Chó thả rông cắn liên tiếp 7 người ở Phú Yên,suc-khoe
724,"Vụ ăn bánh mì 153 người ngộ độc: Phạt 90 triệu đồng, đình chỉ kinh doanh 4 tháng",suc-khoe
725,Bệnh viện Mắt Sài Gòn Cần Thơ phẫu thuật thành công 40.000 ca đục thủy tinh thể,suc-khoe
726,"Tiểu khó vì bệnh tuyến tiền liệt, người đàn ông tự cắt lìa dương vật",suc-khoe
727,Vị thuốc đông y có tiềm năng điều trị ung thư đại tràng giai đoạn cuối,suc-khoe
728,"Bác sĩ 24/7: Nhịn ăn, thải độc đại tràng bằng cà phê có tốt?",suc-khoe
729,Ngày mới với tin tức sức khỏe: Mắc những bệnh sau đây không nên ăn chuối,suc-khoe
730,Phát hiện cách hạ huyết áp cao hiệu quả,suc-khoe
731,Cơn thèm chua có ý nghĩa như thế nào đối với sức khỏe?,suc-khoe
732,Những bệnh nào cần tránh ăn chuối?,suc-khoe
733,Vì sao ăn thịt rùa biển có thể gây ngộ độc?,suc-khoe
734,"Đau rát, tiểu khó, đi khám phát hiện ung thư dương vật",suc-khoe
735,Thêm nhiều lợi ích của nước chanh,suc-khoe
736,BERNARD HEALTHCARE ‘CHẠM ĐẾN TRÁI TIM’ NHỮNG BẬC THẦY Y KHOA TẠI NHẬT BẢN,suc-khoe
737,Những thực phẩm khiến da đầu bạn có nhiều gàu hơn,suc-khoe
738,Bác sĩ 24/7: Đá khô là gì mà sao có người ăn phải khạc ra máu?,suc-khoe
739,Ngày mới với tin tức sức khỏe: Lợi ích bất ngờ của cà phê và sữa,suc-khoe
740,Những ai cần hạn chế ăn hành tây?,suc-khoe
741,Người bệnh tiểu đường nên tập thể dục bao nhiêu phút là tốt nhất?,suc-khoe
742,Cà phê và sữa 'trị' được ung thư phổ biến,suc-khoe
743,Làm gì để giảm đau răng vào ban đêm?,suc-khoe
744,Căn bệnh quen thuộc có thể khiến 'cậu nhỏ' cương cứng suốt 18 tiếng,suc-khoe
745,"Kỳ thị là rào cản người nhiễm HIV tiếp cận dự phòng, điều trị",suc-khoe
746,Bệnh phù mạch hiếm gặp: Cả nước có 19 bệnh nhân,suc-khoe
747,Chuyên gia dinh dưỡng: Đây là 4 loại trái cây tốt nhất cho sức khỏe,suc-khoe
748,Người ngồi nhiều làm điều này trong giờ làm sẽ tăng 30% khả năng sống thọ,suc-khoe
749,Chuyên gia: Top 10 thực phẩm giúp sống thọ hơn,suc-khoe
750,Ngày mới với tin tức sức khỏe: 4 loại trái cây tốt nhất cho sức khỏe,suc-khoe
751,Những sai lầm về giấc ngủ làm tăng nguy cơ mắc ung thư,suc-khoe
752,Phát hiện bất ngờ về tác dụng của mùi trái cây chín đối với ung thư,suc-khoe
753,Lợi ích bất ngờ của sô cô la đối với người thiếu máu,suc-khoe
754,"Ăn cơm, không may nuốt luôn hàm răng giả vào thực quản",suc-khoe
755,Dấu hiệu đau lưng có thể là ung thư tuyến tiền liệt,suc-khoe
756,Những ai cần tránh ngủ ngửa?,suc-khoe
757,Ngày mới với tin tức sức khỏe: Thời điểm nên hạn chế uống cà phê,suc-khoe
758,Lợi ích sức khỏe bất ngờ của ăn cơm và gạo lứt,suc-khoe
759,"Có nên uống cà phê khi mệt mỏi, bệnh?",suc-khoe
760,"Đau ngực nhiều ngày không khám, người đàn ông suýt chết vì nhồi máu cơ tim cấp",suc-khoe
761,Buymed hợp tác chiến lược với Sanofi Việt Nam,suc-khoe
762,Công chức y tế làm thẩm định cấp phép không được quá 5 năm,suc-khoe
763,"Tặng thiệp, hoa chúc mừng ngày Quốc tế Phụ nữ 8.3 cho hơn 550 người bệnh",suc-khoe
764,"Nam sinh 13 tuổi đa chấn thương, hỏng mắt do laptop phát nổ",suc-khoe
765,"Phát hiện ca viêm màng não phế cầu, chủ động phòng ngừa bệnh",suc-khoe
766,Ung thư đại trực tràng ngày càng trẻ hóa,suc-khoe
767,Tác dụng của ớt bột đối với ung thư và bệnh tim,suc-khoe
768,Lợi ích của nước chanh mật ong,suc-khoe
769,Ngày mới với tin tức sức khỏe: Chuối nhiều dinh dưỡng nhưng ăn thế nào tốt nhất?,suc-khoe
770,Vì sao người ăn nhiều protein cần chú ý uống nước?,suc-khoe
771,Nên ăn bao nhiêu quả chuối mỗi ngày?,suc-khoe
772,Khuyến cáo từ bác sĩ dinh dưỡng nhi: phụ huynh nên thận trọng chọn đúng sữa chuẩn,suc-khoe
773,"Nam thanh niên tự nhét chai nhựa vào hậu môn, phải đến bệnh viện gắp ra",suc-khoe
774,Bị lóc da toàn bộ dương vật vì bất cẩn khi sửa máy tạo khí nuôi tôm,suc-khoe
775,Phát hiện tác dụng mới của Viagra,suc-khoe
776,Phát hiện thêm lợi ích tuyệt vời của tách cà phê sáng,suc-khoe
777,"Béo phì, đái tháo đường, rối loạn lipid máu và nguy cơ bệnh tim mạch",suc-khoe
778,"Bác sĩ 24/7: Mật ong có dưỡng chất gì, tốt hơn đường thế nào?",suc-khoe
779,Ngày mới với tin tức sức khỏe: Nhiều lợi ích bất ngờ từ nước chanh,suc-khoe
780,Vì sao ngủ nằm sấp lại gây đau mỏi khi thức dậy?,suc-khoe
781,Nước chanh có lợi thế nào với bàng quang?,suc-khoe
782,"Đá khô là gì mà gây nôn mửa, khạc ra máu, nguy kịch sau khi uống?",suc-khoe
783,Kiên Giang ghi nhận thêm ca mới mắc bệnh đậu mùa khỉ,suc-khoe
784,Nên hỏi ý kiến bác sĩ trước khi dùng chất bổ sung,suc-khoe
785,Một công ty sản xuất - y dược phẩm bị phạt hơn 11 tỉ đồng,suc-khoe
786,"Nghiện cờ bạc, cá độ trực tuyến có thể là rối loạn tâm thần",suc-khoe
787,Loại hoạt chất giúp giảm nguy cơ tử vong do ung thư và bệnh tim,suc-khoe
788,58% bệnh hiếm xuất hiện ở trẻ em,suc-khoe
789,Bác sĩ 24/7: Nồng độ cồn 'nội sinh' là gì?,suc-khoe
790,Ngày mới với tin tức sức khỏe: Triệu chứng phổ biến khi bị hạ đường huyết,suc-khoe
791,Chuyên gia: Top 10 thực phẩm giúp sống thọ hơn,suc-khoe
792,Những ai cần cảnh giác với hạ đường huyết?,suc-khoe
793,Hỗ trợ thuốc điều trị cho bệnh nhân ung thư vú,suc-khoe
794,Bóc tách khối u xơ tử cung kích thước lớn cho bệnh nhân,suc-khoe
795,"Mỗi ngày, cơ thể cần bao nhiêu vitamin D?",suc-khoe
796,Liệu pháp nhắm đích có gì khác biệt trong điều trị ung thư?,suc-khoe
797,"Bổ sung vitamin không nên tùy tiện, cần được bác sĩ chỉ định",suc-khoe
798,5 lợi ích của ánh nắng mặt trời đối với trẻ,suc-khoe
799,Tìm ra cách ăn giảm 50% nguy cơ tử vong do đột quỵ,suc-khoe
800,"Ngày mới với tin tức sức khỏe: Tập thể dục ngừa bệnh tim, nhưng tránh việc này",suc-khoe
801,Lỗ hổng bảo mật 36 năm tuổi gây nguy hiểm cho khóa cửa điện tử,cong-nghe-game
802,Pixel 8a sẽ có khác biệt nhỏ so với Pixel 8,cong-nghe-game
803,Cách kiểm tra điện thoại có hỗ trợ 5G hay không,cong-nghe-game
804,Xiaomi ra mắt smartphone đầu tiên dùng chip Snapdragon 8s Gen 3,cong-nghe-game
805,AI mới của Google có thể chơi game 3D như người thật,cong-nghe-game
806,"Apple phát hành iOS 17.4.1, người dùng iPhone nên cập nhật ngay",cong-nghe-game
807,ScaleUP công bố nhận được đầu tư từ quỹ Hàn Quốc,cong-nghe-game
808,Tính năng 'chọc ghẹo bạn bè' trở lại mạnh mẽ trên Facebook,cong-nghe-game
809,Mẹo Copy/Paste văn bản giữa iPhone và PC,cong-nghe-game
810,Find My 'báo hại' cảnh sát Mỹ,cong-nghe-game
811,"GPT-5 sắp ra mắt, tốt hơn đáng kể so với GPT-4",cong-nghe-game
812,Lenovo ra mắt loạt laptop chuyên nghiệp ThinkPad L và X thế hệ mới,cong-nghe-game
813,Khám phá smartphone tầm trung Samsung Galaxy A55 5G,cong-nghe-game
814,Mỹ sắp 'bóp nghẹt' mạng lưới cung cấp chip bí mật của Huawei,cong-nghe-game
815,Các website dùng WordPress cần xóa 2 plugin này,cong-nghe-game
816,Lenovo trình làng máy tính bảng Tab M11 hỗ trợ học tập,cong-nghe-game
817,Chia sẻ game trên Steam dễ dàng hơn với ‘Steam Families’,cong-nghe-game
818,Nvidia làm cho con người kỹ thuật số trở nên thực tế hơn,cong-nghe-game
819,Đơn vị tư vấn công nghệ Kyanon Digital mở văn phòng tại Hà Nội,cong-nghe-game
820,Một giải đấu Apex Legends bị hoãn vô thời hạn do tin tặc tấn công,cong-nghe-game
821,Khai trương phòng thí nghiệm sử dụng kính hiển vi đồng tiêu cao cấp,cong-nghe-game
822,Dreame khai trương cửa hàng bán lẻ chính hãng tại Việt Nam,cong-nghe-game
823,Apple tung quảng cáo khoe dung lượng lưu trữ trên iPhone 15,cong-nghe-game
824,Gia tăng trải nghiệm người mua giúp mang đến nhiều cơ hội hơn cho người bán,cong-nghe-game
825,"Microsoft Office 2024 sẽ hoạt động 'không đăng ký, chạy offline'",cong-nghe-game
826,Kiện nhà mạng vì cho rằng sóng 5G gây hại tới sức khỏe,cong-nghe-game
827,Asus ra mắt bộ đôi laptop ROG Zephyrus G14/ G16 mạnh mẽ dành cho game thủ,cong-nghe-game
828,Keysight hỗ trợ triển khai các đổi mới sáng tạo về Massive MIMO cho Open RAN,cong-nghe-game
829,Thu hồi giấy phép 30 doanh nghiệp bưu chính vi phạm,cong-nghe-game
830,Esports World Cup hợp tác cùng Sony,cong-nghe-game
831,Apple được chờ đợi đột phá trong lĩnh vực AI,cong-nghe-game
832,Apple phát triển màn hình chống chói cho iPhone 17,cong-nghe-game
833,ROG Nebula OLED: Tiêu chuẩn mới của laptop gaming 2024,cong-nghe-game
834,Bản cập nhật iOS 17.4 khiến bàn phím iPhone 'nổi loạn',cong-nghe-game
835,Xiaomi ra mắt vòng đeo tay thông minh Smart Band 8 Pro,cong-nghe-game
836,AQUA Việt Nam hợp tác chiến lược với PSD,cong-nghe-game
837,Thanh toán số tại Việt Nam tăng trưởng mạnh,cong-nghe-game
838,Thêm một nhà mạng đấu giá thành công băng tần 5G,cong-nghe-game
839,Mỹ hợp lực EU kìm hãm chip trưởng thành từ Trung Quốc,cong-nghe-game
840,Tỉ phú Bill Gates 'ghen tị' với Steve Jobs điều gì?,cong-nghe-game
841,"Bất chấp lệnh cấm, đầu tư tiền số tại Trung Quốc vẫn tăng trưởng",cong-nghe-game
842,Apple sắp ra mắt phiên bản AirPods tầm trung,cong-nghe-game
843,Sony tạm ngừng sản xuất kính PSVR2,cong-nghe-game
844,Cảnh giác chiêu mạo danh 'Cục an ninh mạng' lấy lại tiền bị lừa,cong-nghe-game
845,Dịch vụ điện toán đám mây đạt hơn 1.200 triệu USD vào năm 2030,cong-nghe-game
846,"Xiaomi Watch S3 ra mắt, pin dùng 15 ngày",cong-nghe-game
847,Các chatbot AI dễ bị tấn công bởi hình ảnh ASCII,cong-nghe-game
848,Shark Bình: Sàn thương mại điện tử phải 'vặt lông vịt' để kiếm lời,cong-nghe-game
849,Trò chơi điện tử sắp cập bến nền tảng LinkedIn,cong-nghe-game
850,Spotify thử nghiệm hỗ trợ video âm nhạc,cong-nghe-game
851,VIRESA công bố giải Vũ đạo thể thao giải trí đa môn,cong-nghe-game
852,"Ứng dụng thiết bị IoT tìm điểm rò rỉ nước, tránh đào đường",cong-nghe-game
853,Máy tính gặp sự cố nghiêm trọng sau khi cập nhật Windows 11,cong-nghe-game
854,SoundMax ra mắt loa di động AT-100 thiết kế giống đồng hồ để bàn,cong-nghe-game
855,Miếng bảo vệ màn hình iPhone có còn cần thiết?,cong-nghe-game
856,PS5 Pro sẽ nhanh gấp 3 lần PS5 khi ra mắt vào cuối năm nay,cong-nghe-game
857,Quảng cáo Bing ngay trong Chrome gây khó chịu cho người dùng,cong-nghe-game
858,Bitcoin 'halving' sẽ ảnh hưởng thế nào đến giới tiền số?,cong-nghe-game
859,"Samsung mở bán Galaxy A55 5G và A35 5G, giá từ 8,3 triệu đồng",cong-nghe-game
860,Epson trình diễn các dòng máy chiếu đa năng mới tại Việt Nam,cong-nghe-game
861,Nhà phát triển game Palworld đã sẵn sàng 'bán mình',cong-nghe-game
862,Những cách sửa chữa iPhone phổ biến nhất,cong-nghe-game
863,"Bộ xử lý Intel gặp lỗ hổng, giảm 10% hiệu suất để vá lỗi",cong-nghe-game
864,CEO Epic chỉ trích gay gắt các lãnh đạo của Steam vì 'ăn' hoa hồng quá cao,cong-nghe-game
865,iPhone trong tương lai sẽ có thiết kế thay đổi hoàn toàn,cong-nghe-game
866,Tại sao smartphone không cần quạt tản nhiệt dù mạnh mẽ như PC?,cong-nghe-game
867,Có nên khởi động lại iPhone thường xuyên?,cong-nghe-game
868,Chrome có thể phát hiện trang web độc hại theo thời gian thực,cong-nghe-game
869,Microsoft ra mắt Copilot Pro bản dùng thử một tháng,cong-nghe-game
870,Android 15 có thể tìm điện thoại bị mất dù đã tắt nguồn,cong-nghe-game
871,Adobe đang 'run sợ' trước các công ty startup về AI,cong-nghe-game
872,Tốc độ tăng trưởng của AI bị kìm hãm vì lý do nào?,cong-nghe-game
873,Đột phá giúp PC cũ chạy nhanh hơn,cong-nghe-game
874,Những sự cố phổ biến nhất của iPhone,cong-nghe-game
875,Trình duyệt web nào được chọn nhiều nhất để thay thế Safari ở EU?,cong-nghe-game
876,Apple lặng lẽ mua lại startup trí tuệ nhân tạo DarwinAI,cong-nghe-game
877,"Doanh số iPhone sụt giảm, Apple quyết chi đậm tại Trung Quốc",cong-nghe-game
878,Intel Core i9-14900KS được ép xung lên mức kỷ lục,cong-nghe-game
879,3 nhà phát triển game di động Việt Nam được Google chọn đào tạo tại IGA 2024,cong-nghe-game
880,MacBook Air M3 dễ tháo rời nhưng khó lắp lại,cong-nghe-game
881,NTT e-Asia và AWING hợp tác phát triển công nghệ tại Việt Nam,cong-nghe-game
882,J&T Express Việt Nam triển khai chương trình tặng vàng cho khách hàng,cong-nghe-game
883,Giới đào tiền ảo ráo riết săn lùng CPU Ryzen của AMD,cong-nghe-game
884,Giải đấu 2024 của Battle Teams 2: Con đường trở thành tuyển thủ chuyên nghiệp ,cong-nghe-game
885,Microsoft khắc phục 61 lỗ hổng trong bản cập nhật Windows mới nhất,cong-nghe-game
886,Asus ra mắt ZenFone 11 Ultra gợi nhớ đến ROG Phone 8,cong-nghe-game
887,'Black Myth: Wukong' sẽ hỗ trợ hai tính năng đồ họa cực đỉnh,cong-nghe-game
888,iPhone SE 4 sẽ sớm mất giá dù thiết kế cải tiến?,cong-nghe-game
889,Xiaomi ra mắt đồng hồ thông minh Watch 2,cong-nghe-game
890,Chip Wi-Fi 3D giúp cách mạng hóa kết nối không dây,cong-nghe-game
891,Microsoft sắp phát hành AI giúp chống lại tin tặc,cong-nghe-game
892,Lenovo ra mắt hệ sinh thái gaming Legion tích hợp tính năng AI cho game thủ,cong-nghe-game
893,Ngành kho hàng tăng cường áp dụng công nghệ RFID,cong-nghe-game
894,Trailer Spider-Man bị rò rỉ đã hé lộ một trò chơi bí mật,cong-nghe-game
895,Apple bắt đầu lắp ráp iPhone 15 tại Brazil,cong-nghe-game
896,Ông Donald Trump từng muốn bán mạng xã hội Truth cho tỉ phú Elon Musk,cong-nghe-game
897,Microsoft thêm GPT-4 Turbo vào phiên bản Copilot miễn phí,cong-nghe-game
898,Những điểm nhấn trên smartphone Xiaomi 14,cong-nghe-game
899,Honor X7b chính thức mở bán tại Việt Nam,cong-nghe-game
900,Garmin ra mắt dòng đồng hồ nhỏ gọn Lily 2,cong-nghe-game
901,Ông chủ cũ của Activision Blizzard muốn thâu tóm TikTok,cong-nghe-game
902,Con đường đầy chông gai của Fortnite để trở lại iPhone,cong-nghe-game
903,Smartphone Android dùng chip Snapdragon 8 Gen 4 sẽ vượt iPhone 16,cong-nghe-game
904,Thương hiệu thiết bị game Machenike chính thức xuất hiện Việt Nam,cong-nghe-game
905,Oppo Find X7 Ultra lên đỉnh bảng xếp hạng DxOMark,cong-nghe-game
906,AI là 'đồng minh' nhưng cũng nhiều rủi ro thông tin,cong-nghe-game
907,Phát hiện lỗ hổng bảo mật trong đồ chơi thông minh của trẻ nhỏ,cong-nghe-game
908,Apple có thể gây thất vọng với chip A18 Pro,cong-nghe-game
909,"Smartphone cao cấp Xiaomi 14 ra mắt, giá từ 22,99 triệu đồng",cong-nghe-game
910,NVIDIA bị nhiều nhà văn kiện vì vi phạm bản quyền,cong-nghe-game
911,Samsung muốn quay trở lại thiết kế cũ cho Galaxy Watch,cong-nghe-game
912,Steve Jobs từng muốn iPhone có thiết kế giống điện thoại Samsung,cong-nghe-game
913,Trải nghiệm 'sức mạnh' của GeForce RTX 4080 SUPER qua bản cập nhật Driver mới nhất,cong-nghe-game
914,Rủi ro khi sử dụng tiện ích mở rộng trên trình duyệt,cong-nghe-game
915,Các yếu tố giúp Samsung duy trì vị trí dẫn đầu trên thị trường bộ nhớ flash,cong-nghe-game
916,MSI đem mẫu máy chơi game cầm tay Claw về Việt Nam,cong-nghe-game
917,Apple lần đầu cho phép người dùng tải ứng dụng qua web,cong-nghe-game
918,TikTok sắp ra mắt mạng xã hội đối đầu với Instagram,cong-nghe-game
919,Keysight xác minh sản phẩm hệ thống SoC 5G NR cho kết nối V2X của Autotalk,cong-nghe-game
920,Alibaba.com giới thiệu công cụ Smart Assistant tích hợp Al,cong-nghe-game
921,"Chiến Địa không cần beta test, chốt luôn ngày phát hành",cong-nghe-game
922,Sony bác bỏ tin đồn rút khỏi thị trường smartphone Trung Quốc,cong-nghe-game
923,Steam Deck bị ‘cháy’ màn hình OLED vì hiển thị nội dung HDR,cong-nghe-game
924,Quy định mới của Apple tại châu Âu gây khó cho nhà phát triển,cong-nghe-game
925,Sapo hợp tác Gojek cung cấp giải pháp quản lý bán hàng đa kênh,cong-nghe-game
926,Tạo tài khoản Facebook đi lừa đảo 'dễ như ăn kẹo',cong-nghe-game
927,Một trình giả lập khác sắp ngừng hoạt động vì ‘sợ’ Nintendo,cong-nghe-game
928,Ấn tượng ý tưởng iOS 18 tích hợp AI,cong-nghe-game
929,AirPods Pro sẽ có chế độ trợ thính mới trên iOS 18,cong-nghe-game
930,xAI của tỉ phú Elon Musk sẽ có mã nguồn mở,cong-nghe-game
931,Hộ nghèo được hỗ trợ để phổ cập smartphone,cong-nghe-game
932,GTA 6 xuất hiện chính thức trên trang chủ của Rockstar Games,cong-nghe-game
933,App Store vinh danh cha đẻ của '7 viên ngọc rồng',cong-nghe-game
934,"Meta được yêu cầu ngăn chặn lừa đảo đánh cắp tài khoản Facebook, Instagram",cong-nghe-game
935,Qualcomm sắp giới thiệu loạt chip mới,cong-nghe-game
936,Ninety Eight giới thiệu smartphone tích hợp ví blockchain đầu tiên tại Việt Nam,cong-nghe-game
937,Samsung ra mắt dòng smartphone Galaxy A35 và A55,cong-nghe-game
938,Shopee nâng thời gian trả hàng miễn phí cho người dùng,cong-nghe-game
939,Apple từng nhắm đến thiết kế xe tự lái nào?,cong-nghe-game
940,PC AI là gì và liệu có đáng mua?,cong-nghe-game
941,Epic Games Store sắp tặng miễn phí hai trò chơi mới,cong-nghe-game
942,Mẹo chụp màn hình ít người biết trên iPhone,cong-nghe-game
943,Microsoft cho phép người dùng Windows 11 gỡ OneDrive,cong-nghe-game
944,CPU của MacBook Air bị quá nhiệt khi xử lý tác vụ nặng,cong-nghe-game
945,Phần tiếp theo của 'Super Mario Bros. Movie' sẽ ra mắt năm 2026,cong-nghe-game
946,MacBook Air M3 cơ sở cải thiện tốc độ SSD,cong-nghe-game
947,Nhà sản xuất RAM CXMT là mục tiêu trừng phạt tiếp theo của Mỹ,cong-nghe-game
948,5 thiết kế không thay đổi sau nhiều năm,cong-nghe-game
949,Apple ngừng sản xuất MacBook Air M1,cong-nghe-game
950,"Huawei, SMIC sử dụng công nghệ Mỹ sản xuất chip tiên tiến",cong-nghe-game
951,iOS 17.4 bị tố khiến pin iPhone nhanh cạn kiệt,cong-nghe-game
952,Tây Ban Nha cấm dự án quả cầu 'quét mắt' của CEO OpenAI,cong-nghe-game
953,Những thói quen dùng smartphone không nên bỏ qua,cong-nghe-game
954,Apple khôi phục tài khoản nhà phát triển của Epic Games,cong-nghe-game
955,Top 10 game online trên PC đáng chơi nhất trong năm 2024,cong-nghe-game
956,Sẽ có 5G thương mại trong năm 2024?,cong-nghe-game
957,Apple sắp có máy tính xách tay màn hình gập 20 inch?,cong-nghe-game
958,Final Fantasy 14 cuối cùng cũng ra mắt trên Xbox,cong-nghe-game
959,Liên Quân Mobile năm thứ 8: Game thủ mùa Tết vẫn ồ ạt,cong-nghe-game
960,Rộ tin đồn về trò chơi God of War bí mật đang được phát triển,cong-nghe-game
961,"Apple chặn tài khoản nhà phát triển Epic Games, EC sẽ 'không để yên'",cong-nghe-game
962,Viettel đấu giá thành công băng tần 5G,cong-nghe-game
963,Cựu kỹ sư Google bị truy tố vì đánh cắp bí mật AI gửi về Trung Quốc,cong-nghe-game
964,Sideloading có lôi kéo người mua iPhone thay vì Android?,cong-nghe-game
965,Nikon thâu tóm nhà sản xuất máy quay phim cao cấp RED,cong-nghe-game
966,Revela - công cụ dịch ngược mã nguồn Web3,cong-nghe-game
967,Meta sẽ sử dụng AI để giới thiệu video cho người dùng Facebook,cong-nghe-game
968,Trung tâm Nghiên cứu Triển khai Khu Công nghệ cao tròn 20 năm thành lập,cong-nghe-game
969,Người dùng Facebook Việt Nam đang là mục tiêu của chiến dịch độc hại 'Snake',cong-nghe-game
970,Intel chốt thời điểm ra mắt CPU Arrow Lake,cong-nghe-game
971,"Oppo ra mắt dòng smartphone Reno11 F 5G, giá từ 9 triệu đồng",cong-nghe-game
972,Apple sẽ giúp chuyển đổi từ iPhone sang Android dễ dàng hơn,cong-nghe-game
973,Trò chơi Hades sẽ có mặt trên iOS trong tháng 3,cong-nghe-game
974,Microsoft công bố tổ chức sự kiện ngày 21.3 với nhiều tin tức thú vị,cong-nghe-game
975,Thương hiệu card đồ họa chơi game INNO3D công bố nhà phân phối mới,cong-nghe-game
976,"Tin tặc đánh cắp hơn 4,3 triệu USD thông qua app tiền số giả",cong-nghe-game
977,Những món quà công nghệ thú vị 'tặng nàng' ngày 8.3,cong-nghe-game
978,Doanh số iPhone giảm mạnh 24% tại Trung Quốc,cong-nghe-game
979,4 lỗ hổng bảo mật nghiêm trọng nếu không cập nhật lên iOS 17.4,cong-nghe-game
980,OpenAI tung đòn 'phản pháo' đơn kiện của tỉ phú Elon Musk,cong-nghe-game
981,Các tính năng AI tràn ngập smartphone có gây lo ngại?,cong-nghe-game
982,Apple điều chỉnh giá chương trình 'thu cũ đổi mới',cong-nghe-game
983,Nhà phát triển Helldivers 2 phủ nhận bị PlayStation thâu tóm,cong-nghe-game
984,LockBit tấn công các máy chủ Windows Domain tại Việt Nam,cong-nghe-game
985,Ứng dụng Android sẽ không còn hoạt động trên Windows 11,cong-nghe-game
986,Razer ra mắt dòng micro Seiren V3 Chroma và Seiren V3 Mini mới cho game thủ,cong-nghe-game
987,Doanh nghiệp Việt gia nhập làn sóng toàn cầu về xác thực không mật khẩu,cong-nghe-game
988,MediaTek là nhà cung cấp chip di động lớn nhất thế giới,cong-nghe-game
989,Google bắt đầu xóa nội dung rác khỏi kết quả tìm kiếm,cong-nghe-game
990,Apple mở trung tâm phát triển đầu tiên ở Đông Nam Á,cong-nghe-game
991,Instagram bắt đầu cho chỉnh sửa tin nhắn đã gửi,cong-nghe-game
992,4 dự báo công nghệ và triển vọng về AI tại Việt Nam,cong-nghe-game
993,"3 nhóm hacker tuyên bố đánh sập Facebook, Instagram",cong-nghe-game
994,Bộ TT-TT nói về 'sự cố' Facebook,cong-nghe-game
995,Facebook và những lần 'sập mạng' đáng quên,cong-nghe-game
996,Thiệt hại kinh tế khi Facebook 'sập mạng',cong-nghe-game
997,Chuyển đổi số là 'chất xúc tác' cho hoạt động kinh doanh,cong-nghe-game
998,"Trình giả lập Yuzu ngừng hoạt động, phải bồi thường 2,4 triệu USD cho Nintendo",cong-nghe-game
999,Những lưu ý khi mạng xã hội bị treo và không thể đăng nhập,cong-nghe-game
1000,Grab triển khai chương trình dành cho nữ đối tác tài xế,cong-nghe-game
